County Name,State Name,Confirmed,New,Death,Fatality Rate,Latitude,Longitude,Last Update
New York,New York,3954,2083,26,0.7%,40.71455,-74.00714,2020-03-19 21:57 EDT
Westchester,New York,798,260,0,0%,41.16319759,-73.7560629,2020-03-19 21:57 EDT
Nassau,New York,372,94,3,0.8%,40.74165225,-73.58899619,2020-03-19 21:57 EDT
Suffolk,New York,239,87,3,1.3%,40.87732808,-72.85898036,2020-03-19 21:57 EDT
Rockland,New York,53,22,1,1.9%,41.152374,-74.02401032,2020-03-19 21:57 EDT
Orange,New York,51,19,0,0%,41.40206825,-74.30559567,2020-03-19 21:57 EDT
Albany,New York,43,7,0,0%,42.65155,-73.75520999999998,2020-03-19 21:57 EDT
Dutchess,New York,31,11,0,0%,41.76477515,-73.74281684,2020-03-19 21:57 EDT
Monroe,New York,30,8,1,3.3%,43.14604282,-77.69674911,2020-03-19 21:57 EDT
Erie,New York,28,1,0,0%,42.76382119,-78.73224973,2020-03-19 21:57 EDT
Saratoga,New York,21,7,0,0%,43.06974,-73.63661,2020-03-19 21:57 EDT
Schenectady,New York,14,0,0,0%,42.81238,-73.94122,2020-03-19 21:57 EDT
Ulster,New York,9,0,0,0%,41.95986,-73.99033,2020-03-19 21:57 EDT
Onondaga,New York,7,1,0,0%,43.00487,-76.1836,2020-03-19 21:57 EDT
Tompkins,New York,6,0,0,0%,42.44933495,-76.47064359,2020-03-19 21:57 EDT
Putnam,New York,5,3,0,0%,41.42653455,-73.7494999,2020-03-19 21:57 EDT
Rensselaer,New York,4,0,0,0%,42.71086263,-73.5097379,2020-03-19 21:57 EDT
Niagara,New York,4,3,0,0%,43.19998147,-78.74522262,2020-03-19 21:57 EDT
Greene,New York,2,0,0,0%,42.27654571,-74.12261588,2020-03-19 21:57 EDT
Montgomery,New York,2,0,0,0%,42.90229179999999,-74.43960085,2020-03-19 21:57 EDT
Allegany,New York,2,0,0,0%,42.25739788,-78.02755444,2020-03-19 21:57 EDT
Oneida,New York,2,0,0,0%,43.24306498,-75.42583597,2020-03-19 21:57 EDT
Wyoming,New York,2,1,0,0%,42.70242659,-78.22443261,2020-03-19 21:57 EDT
Delaware,New York,1,0,0,0%,42.19804334,-74.96635196,2020-03-19 21:57 EDT
Herkimer,New York,1,0,0,0%,43.0259,-74.98433,2020-03-19 21:57 EDT
Broome,New York,1,0,0,0%,42.16021802,-75.81964586,2020-03-19 21:57 EDT
Tioga,New York,1,0,0,0%,42.06057,-76.34519,2020-03-19 21:57 EDT
Ontario,New York,1,0,0,0%,42.85288942,-77.29981098,2020-03-19 21:57 EDT
Clinton,New York,1,0,0,0%,44.7904,-73.6006,2020-03-19 21:57 EDT
Essex,New York,1,0,0,0%,44.10755697,-73.79125847,2020-03-19 21:57 EDT
Sullivan,New York,1,0,0,0%,41.71631354,-74.76811083,2020-03-19 21:57 EDT
Genesee,New York,1,0,0,0%,43.00094016,-78.1936949,2020-03-19 21:57 EDT
Warren,New York,1,0,0,0%,43.5592099,-73.85881158,2020-03-19 21:57 EDT
Washington,New York,1,0,0,0%,43.31227113,-73.43096234,2020-03-19 21:57 EDT
Hamilton,New York,1,0,0,0%,43.66130373,-74.49733573,2020-03-19 21:57 EDT
Chenango,New York,1,0,0,0%,42.49349443,-75.61153709999998,2020-03-19 21:57 EDT
Schoharie,New York,1,0,0,0%,42.58820746,-74.44213588,2020-03-19 21:57 EDT
King,Washington,693,131,60,8.7%,47.49011813,-121.8043324,2020-03-19 21:57 EDT
Snohomish,Washington,348,38,7,2%,47.9124,-122.09306,2020-03-19 21:57 EDT
Pierce,Washington,75,19,1,1.3%,47.02270813,-122.1014408,2020-03-19 21:57 EDT
Skagit,Washington,18,0,0,0%,48.47933023,-121.7280802,2020-03-19 21:57 EDT
Island,Washington,17,1,1,5.9%,48.19160936,-122.6650075,2020-03-19 21:57 EDT
Kitsap,Washington,12,0,0,0%,47.47496219,-122.6085325,2020-03-19 21:57 EDT
Spokane,Washington,9,0,0,0%,47.65726,-117.41228,2020-03-19 21:57 EDT
Grant,Washington,8,0,1,12.5%,47.19885794,-119.4525987,2020-03-19 21:57 EDT
Whatcom,Washington,7,0,0,0%,48.82559702,-121.7174182,2020-03-19 21:57 EDT
Yakima,Washington,7,0,0,0%,46.60448,-120.50721,2020-03-19 21:57 EDT
Thurston,Washington,6,0,0,0%,46.91980578,-122.82986909999998,2020-03-19 21:57 EDT
Jefferson,Washington,4,0,0,0%,47.74810608,-123.6000095,2020-03-19 21:57 EDT
Clark,Washington,4,0,3,75%,45.78187331,-122.4812785,2020-03-19 21:57 EDT
Kittitas,Washington,4,0,0,0%,46.98472,-120.41752,2020-03-19 21:57 EDT
Chelan,Washington,2,0,0,0%,47.86707169,-120.6252677,2020-03-19 21:57 EDT
Klickitat,Washington,2,0,0,0%,45.87640914,-120.79203970000002,2020-03-19 21:57 EDT
Benton-Franklin,Washington,2,0,1,50%,38.55378,-91.00092,2020-03-19 21:57 EDT
Grays Harbor,Washington,1,0,0,0%,47.15055235,-123.7737432,2020-03-19 21:57 EDT
Columbia,Washington,1,0,0,0%,46.29757684,-117.9078634,2020-03-19 21:57 EDT
Lincoln,Washington,1,0,0,0%,47.57305061,-118.4177041,2020-03-19 21:57 EDT
Cowlitz,Washington,1,0,0,0%,46.19454048,-122.6783272,2020-03-19 21:57 EDT
Lewis,Washington,1,0,0,0%,46.57779491,-122.3929158,2020-03-19 21:57 EDT
Mason,Washington,1,0,0,0%,38.61504,-83.80988,2020-03-19 21:57 EDT
Franklin,Washington,1,0,0,0%,38.55378,-91.00092,2020-03-19 21:57 EDT
Los Angeles,California,231,41,2,0.9%,34.053490000000004,-118.24532,2020-03-19 21:57 EDT
Santa Clara,California,189,14,6,3.2%,37.35579,-121.95508999999998,2020-03-19 21:57 EDT
San Diego,California,105,29,0,0%,32.71568,-117.16171,2020-03-19 21:57 EDT
San Mateo,California,89,9,1,1.1%,37.54704,-122.31485,2020-03-19 21:57 EDT
San Francisco,California,70,19,0,0%,37.77712,-122.41964,2020-03-19 21:57 EDT
Orange,California,53,11,0,0%,33.78787,-117.85071,2020-03-19 21:57 EDT
Sacramento,California,45,5,3,6.7%,38.57944000000001,-121.49085,2020-03-19 21:57 EDT
Contra Costa,California,41,2,0,0%,37.91793732,-121.9259354,2020-03-19 21:57 EDT
Alameda,California,38,4,0,0%,37.76683,-122.2453,2020-03-19 21:57 EDT
Riverside,California,22,6,3,13.6%,33.98171,-117.37404,2020-03-19 21:57 EDT
San Joaquin,California,17,3,2,11.8%,37.93479557,-121.2713112,2020-03-19 21:57 EDT
Marin,California,15,0,0,0%,38.07188727,-122.7195348,2020-03-19 21:57 EDT
Santa Cruz,California,14,1,0,0%,36.97424,-122.03098,2020-03-19 21:57 EDT
Ventura,California,13,1,0,0%,34.28082,-119.29232,2020-03-19 21:57 EDT
San Luis Obispo,California,13,6,0,0%,35.28579000000001,-120.66275,2020-03-19 21:57 EDT
Placer,California,9,0,1,11.1%,39.05913563,-120.7536328,2020-03-19 21:57 EDT
Solano,California,8,0,0,0%,38.27793363,-121.9272405,2020-03-19 21:57 EDT
Santa Barbara,California,8,5,0,0%,34.41938,-119.69905,2020-03-19 21:57 EDT
Tulare,California,7,2,0,0%,36.20649,-119.34305,2020-03-19 21:57 EDT
Sonoma,California,6,0,0,0%,38.29188,-122.45728,2020-03-19 21:57 EDT
Yolo,California,5,0,0,0%,38.73431,-121.81279,2020-03-19 21:57 EDT
Stanislaus,California,5,0,0,0%,37.55932622,-120.9976619,2020-03-19 21:57 EDT
San Bernardino,California,5,0,0,0%,34.10524,-117.29412,2020-03-19 21:57 EDT
Kern,California,4,3,0,0%,35.34281638,-118.7299395,2020-03-19 21:57 EDT
Monterey,California,4,2,0,0%,36.21714603,-121.2390196,2020-03-19 21:57 EDT
San Benito,California,3,0,0,0%,36.50506,-121.08332,2020-03-19 21:57 EDT
Fresno,California,3,0,0,0%,36.74084000000001,-119.78552,2020-03-19 21:57 EDT
Calaveras,California,2,0,0,0%,38.20473567,-120.5540655,2020-03-19 21:57 EDT
Imperial,California,2,0,0,0%,32.84748,-115.56952,2020-03-19 21:57 EDT
Humboldt,California,1,0,0,0%,40.69879803,-123.8737147,2020-03-19 21:57 EDT
Madera,California,1,0,0,0%,36.96205,-120.06399,2020-03-19 21:57 EDT
Shasta,California,1,0,0,0%,40.59828,-122.49095,2020-03-19 21:57 EDT
Nevada,California,1,0,0,0%,39.2616,-121.0161,2020-03-19 21:57 EDT
Mendocino,California,1,1,0,0%,39.44024062600005,-123.39127840499998,2020-03-19 21:57 EDT
Bergen,New Jersey,195,81,2,1%,40.95949149,-74.074442,2020-03-19 21:57 EDT
Middlesex,New Jersey,64,24,0,0%,40.57936,-74.50067,2020-03-19 21:57 EDT
Essex,New Jersey,63,18,1,1.6%,40.78779259,-74.24760059,2020-03-19 21:57 EDT
Hudson,New Jersey,55,21,1,1.8%,40.74034231,-74.07410970000002,2020-03-19 21:57 EDT
Monmouth,New Jersey,43,11,1,2.3%,40.2600411,-74.22194634,2020-03-19 21:57 EDT
Passaic,New Jersey,38,20,0,0%,40.86034,-74.12374,2020-03-19 21:57 EDT
Ocean,New Jersey,33,25,0,0%,39.90927434,-74.2969653,2020-03-19 21:57 EDT
Union,New Jersey,29,3,0,0%,40.69635,-74.26957,2020-03-19 21:57 EDT
Morris,New Jersey,26,7,0,0%,40.86201902,-74.5442741,2020-03-19 21:57 EDT
Somerset,New Jersey,21,5,0,0%,40.49859,-74.52249,2020-03-19 21:57 EDT
Mercer,New Jersey,20,5,0,0%,40.28331911,-74.70157374,2020-03-19 21:57 EDT
Burlington,New Jersey,14,4,0,0%,40.07687,-74.85775,2020-03-19 21:57 EDT
Camden,New Jersey,13,5,0,0%,39.94525,-75.11913,2020-03-19 21:57 EDT
Hunterdon,New Jersey,8,2,0,0%,40.56725317,-74.91217921,2020-03-19 21:57 EDT
Warren,New Jersey,3,2,0,0%,40.85732358,-74.997063,2020-03-19 21:57 EDT
Atlantic,New Jersey,3,0,0,0%,39.4806564,-74.67264306,2020-03-19 21:57 EDT
Gloucester,New Jersey,2,0,0,0%,39.71720107,-75.14164366,2020-03-19 21:57 EDT
Sussex,New Jersey,2,2,0,0%,41.13934496100006,-74.69067761999997,2020-03-19 21:57 EDT
Gloucester,New Jersey,1,0,0,0%,39.71720107,-75.14164366,2020-03-19 21:57 EDT
Cape May,New Jersey,1,1,0,0%,38.93547000000007,-74.92136999999997,2020-03-19 21:57 EDT
Dade,Florida,101,24,0,0%,25.778853749940104,-80.17996506156744,2020-03-19 21:57 EDT
Broward,Florida,96,16,1,1%,26.15224542,-80.48705340000002,2020-03-19 21:57 EDT
Palm Beach,Florida,29,8,0,0%,26.70288,-80.03661,2020-03-19 21:57 EDT
Hillsborough,Florida,20,6,0,0%,27.93023096,-82.30785534,2020-03-19 21:57 EDT
Orange,Florida,19,8,2,10.5%,41.33141,-74.35667,2020-03-19 21:57 EDT
Collier,Florida,18,5,0,0%,26.11625563,-81.34013334,2020-03-19 21:57 EDT
Pinellas,Florida,16,4,0,0%,27.9313392,-82.72194025,2020-03-19 21:57 EDT
Duval,Florida,15,1,0,0%,30.47844000000001,-81.62557,2020-03-19 21:57 EDT
Osceola,Florida,13,5,0,0%,28.06812578,-81.14519655,2020-03-19 21:57 EDT
Lee,Florida,11,0,1,9.1%,26.57965162,-81.82468531,2020-03-19 21:57 EDT
Alachua,Florida,11,4,0,0%,29.79309000000001,-82.49428,2020-03-19 21:57 EDT
Manatee,Florida,9,1,1,11.1%,27.49643,-82.53954,2020-03-19 21:57 EDT
Volusia,Florida,9,0,0,0%,29.16934,-81.52251,2020-03-19 21:57 EDT
Seminole,Florida,8,1,0,0%,28.71700144,-81.23632262,2020-03-19 21:57 EDT
Sarasota,Florida,6,2,0,0%,27.33889000000001,-82.53886999999997,2020-03-19 21:57 EDT
Okaloosa,Florida,5,1,0,0%,30.70702353,-86.59650821,2020-03-19 21:57 EDT
Pasco,Florida,5,2,0,0%,28.32453,-82.33624,2020-03-19 21:57 EDT
Leon,Florida,4,3,1,25%,30.45796803,-84.27794359,2020-03-19 21:57 EDT
Clay,Florida,4,0,2,50%,29.98305516,-81.85778209,2020-03-19 21:57 EDT
St. Johns,Florida,4,0,0,0%,30.12051,-81.62536,2020-03-19 21:57 EDT
Polk,Florida,4,2,0,0%,27.94887824,-81.69776009,2020-03-19 21:57 EDT
Hernando,Florida,4,4,0,0%,28.55250380800004,-82.41938995699995,2020-03-19 21:57 EDT
Citrus,Florida,3,0,0,0%,28.8507789,-82.46594866,2020-03-19 21:57 EDT
Lake,Florida,3,1,0,0%,28.76261973,-81.71155351,2020-03-19 21:57 EDT
Brevard,Florida,3,1,0,0%,28.29348419,-80.73235631,2020-03-19 21:57 EDT
Santa Rosa,Florida,2,1,1,50%,30.73147611,-87.01761385,2020-03-19 21:57 EDT
Sumter,Florida,2,1,0,0%,28.70474449,-82.0809939,2020-03-19 21:57 EDT
Gadsden,Florida,1,0,0,0%,30.57948492,-84.61351742,2020-03-19 21:57 EDT
Charlotte,Florida,1,0,0,0%,26.90848328,-81.90343918,2020-03-19 21:57 EDT
Nassau,Florida,1,0,0,0%,30.61077673,-81.80173997,2020-03-19 21:57 EDT
Escambia,Florida,1,0,0,0%,30.70048478,-87.37722154,2020-03-19 21:57 EDT
Walton,Florida,1,0,0,0%,30.65939599,-86.16268062,2020-03-19 21:57 EDT
Indian River,Florida,1,1,0,0%,27.694396501000032,-80.60612987299999,2020-03-19 21:57 EDT
Jackson,Florida,1,1,0,0%,30.79572969800006,-85.21834955899999,2020-03-19 21:57 EDT
Martin,Florida,1,1,0,0%,27.088097283000025,-80.38317334499997,2020-03-19 21:57 EDT
Cook,Illinois,278,100,2,0.7%,41.84014932,-87.81682325,2020-03-19 21:57 EDT
DuPage,Illinois,54,9,0,0%,41.85194049,-88.08561127,2020-03-19 21:57 EDT
Lake,Illinois,37,19,0,0%,42.32327645,-88.00353452,2020-03-19 21:57 EDT
Will,Illinois,9,6,1,11.1%,41.44505655,-87.97865231,2020-03-19 21:57 EDT
Kane,Illinois,6,2,0,0%,41.93887565,-88.42863925,2020-03-19 21:57 EDT
McHenry,Illinois,6,2,0,0%,42.32621,-88.26731,2020-03-19 21:57 EDT
Sangamon,Illinois,4,1,1,25%,39.75815792,-89.65888740000004,2020-03-19 21:57 EDT
St. Clair,Illinois,3,0,0,0%,38.46996471,-89.92749975,2020-03-19 21:57 EDT
Clinton,Illinois,3,0,0,0%,40.1536,-88.9645,2020-03-19 21:57 EDT
Peoria,Illinois,3,0,0,0%,40.69236,-89.58799,2020-03-19 21:57 EDT
Woodford,Illinois,2,1,0,0%,40.84437,-89.02781,2020-03-19 21:57 EDT
Cumberland,Illinois,1,0,0,0%,39.27332831,-88.24016822,2020-03-19 21:57 EDT
Champaign,Illinois,1,0,0,0%,40.1142,-88.2435,2020-03-19 21:57 EDT
Winnebago,Illinois,1,0,0,0%,42.26568,-89.24139,2020-03-19 21:57 EDT
Whiteside,Illinois,1,0,0,0%,41.75533495,-89.91231676,2020-03-19 21:57 EDT
Madison,Illinois,1,0,0,0%,38.83006224,-89.9017802,2020-03-19 21:57 EDT
Kendall,Illinois,1,0,0,0%,41.59058793,-88.42880574,2020-03-19 21:57 EDT
Jackson,Illinois,1,0,0,0%,37.78549498,-89.38103883,2020-03-19 21:57 EDT
Williamson,Illinois,1,0,0,0%,37.73016812,-88.92990905,2020-03-19 21:57 EDT
Kankakee,Illinois,1,1,0,0%,41.137714175000035,-87.86181763199993,2020-03-19 21:57 EDT
LaSalle,Illinois,1,1,0,0%,41.344007436000034,-88.88594642199995,2020-03-19 21:57 EDT
Washington,Illinois,1,1,0,0%,38.352253931000064,-89.41049152099998,2020-03-19 21:57 EDT
Orleans,Louisiana,249,53,8,3.2%,30.03843182,-89.90055149,2020-03-19 21:57 EDT
Jefferson,Louisiana,69,24,1,1.4%,29.9596,-90.17182,2020-03-19 21:57 EDT
St. Tammany,Louisiana,10,0,0,0%,30.39408,-89.89506999999998,2020-03-19 21:57 EDT
Caddo,Louisiana,7,1,0,0%,32.75632,-93.97374,2020-03-19 21:57 EDT
East Baton Rouge,Louisiana,5,2,0,0%,30.53926541,-91.09217012,2020-03-19 21:57 EDT
Lafourche,Louisiana,4,1,0,0%,29.765290000000004,-90.76881,2020-03-19 21:57 EDT
St. Charles,Louisiana,4,1,0,0%,29.9052798,-90.3824403,2020-03-19 21:57 EDT
Terrebonne,Louisiana,4,1,0,0%,29.43006669,-90.87546183,2020-03-19 21:57 EDT
St. Bernard,Louisiana,4,1,0,0%,29.86715,-89.85868,2020-03-19 21:57 EDT
Bossier,Louisiana,2,1,0,0%,32.67886191,-93.60531071,2020-03-19 21:57 EDT
St. John the Baptist,Louisiana,2,1,0,0%,30.07866499,-90.54541322,2020-03-19 21:57 EDT
Ascension,Louisiana,2,1,0,0%,30.20549338,-90.9088583,2020-03-19 21:57 EDT
Washington,Louisiana,2,1,0,0%,30.85339216,-90.04050446,2020-03-19 21:57 EDT
Lafayette,Louisiana,2,2,0,0%,30.206788222000057,-92.06389372499996,2020-03-19 21:57 EDT
St. James,Louisiana,1,0,1,100%,30.418250000000054,-91.09344,2020-03-19 21:57 EDT
Plaquemines,Louisiana,1,1,0,0%,29.483275079000066,-89.65255639899998,2020-03-19 21:57 EDT
West Baton Rouge,Louisiana,1,1,0,0%,30.450190000000077,-91.20511,2020-03-19 21:57 EDT
Oakland,Michigan,105,46,0,0%,42.74214,-83.16174000000002,2020-03-19 21:57 EDT
Detroit City,Michigan,75,62,2,2.7%,42.38309000000004,-83.10214999999994,2020-03-19 21:57 EDT
Macomb,Michigan,55,45,0,0%,42.69565,-82.92171,2020-03-19 21:57 EDT
Wayne,Michigan,44,34,1,2.3%,42.28515,-83.3836,2020-03-19 21:57 EDT
Washtenaw,Michigan,14,7,0,0%,42.25322942,-83.83877634,2020-03-19 21:57 EDT
Kent,Michigan,7,2,0,0%,43.03216204,-85.54929822,2020-03-19 21:57 EDT
Ingham,Michigan,6,1,0,0%,42.59709245,-84.37353421,2020-03-19 21:57 EDT
St. Clair,Michigan,4,2,0,0%,42.83189,-82.50220999999998,2020-03-19 21:57 EDT
Monroe,Michigan,2,1,0,0%,41.91606,-83.3979,2020-03-19 21:57 EDT
Eaton,Michigan,2,2,0,0%,42.596074929000046,-84.83832067399999,2020-03-19 21:57 EDT
Montcalm,Michigan,1,0,0,0%,43.31095473,-85.1525018,2020-03-19 21:57 EDT
Bay,Michigan,1,0,0,0%,43.70732889,-83.99203709,2020-03-19 21:57 EDT
Charlevoix,Michigan,1,0,0,0%,45.31653,-85.26071999999998,2020-03-19 21:57 EDT
Ottawa,Michigan,1,0,0,0%,42.96071229,-85.99516567,2020-03-19 21:57 EDT
Leelanau,Michigan,1,0,0,0%,44.93849073,-85.81182341,2020-03-19 21:57 EDT
Otsego,Michigan,1,0,0,0%,42.4606,-85.6964,2020-03-19 21:57 EDT
Jackson,Michigan,1,0,0,0%,42.24848235,-84.42344983,2020-03-19 21:57 EDT
Clinton,Michigan,1,1,0,0%,42.94365425900003,-84.60151415799999,2020-03-19 21:57 EDT
Livingston,Michigan,1,1,0,0%,42.60291818300004,-83.91152404099995,2020-03-19 21:57 EDT
Midland,Michigan,1,1,0,0%,43.646864899000036,-84.38811027199995,2020-03-19 21:57 EDT
Middlesex,Massachusetts,119,19,0,0%,42.48559407,-71.3917913,2020-03-19 21:57 EDT
Suffolk,Massachusetts,72,21,0,0%,42.33189157,-71.07537429,2020-03-19 21:57 EDT
Norfolk,Massachusetts,52,7,0,0%,42.11941,-71.33083,2020-03-19 21:57 EDT
Essex,Massachusetts,19,5,0,0%,42.63251,-70.78113,2020-03-19 21:57 EDT
Berkshire,Massachusetts,18,1,0,0%,42.51105,-73.19426,2020-03-19 21:57 EDT
Worcester,Massachusetts,14,4,0,0%,42.26341,-71.80219,2020-03-19 21:57 EDT
Bristol,Massachusetts,6,1,0,0%,41.79836956,-71.11428121,2020-03-19 21:57 EDT
Barnstable,Massachusetts,5,3,0,0%,41.70194,-70.30442,2020-03-19 21:57 EDT
Plymouth,Massachusetts,5,0,0,0%,41.92808,-70.6568,2020-03-19 21:57 EDT
Hampden,Massachusetts,3,1,0,0%,42.064613,-72.422,2020-03-19 21:57 EDT
Franklin,Massachusetts,1,0,0,0%,42.58654867,-72.59777313,2020-03-19 21:57 EDT
Hampshire,Massachusetts,1,1,0,0%,42.340271495000025,-72.66940388099994,2020-03-19 21:57 EDT
Dallas,Texas,59,20,1,1.7%,32.778220000000005,-96.79512,2020-03-19 21:57 EDT
Travis,Texas,41,18,0,0%,30.33462266,-97.78218981,2020-03-19 21:57 EDT
Harris,Texas,30,2,1,3.3%,29.85762795,-95.39311138,2020-03-19 21:57 EDT
Bexar,Texas,29,0,0,0%,29.44892069,-98.5200077,2020-03-19 21:57 EDT
Fort Bend,Texas,19,7,0,0%,29.52745252,-95.77065084,2020-03-19 21:57 EDT
Tarrant,Texas,19,11,1,5.3%,32.8173,-97.07655,2020-03-19 21:57 EDT
Collin,Texas,18,5,1,5.6%,33.1968,-96.80393,2020-03-19 21:57 EDT
Denton,Texas,9,4,0,0%,33.216590000000004,-97.13162,2020-03-19 21:57 EDT
Williamson,Texas,8,4,0,0%,30.64806761,-97.60077209,2020-03-19 21:57 EDT
Montgomery,Texas,7,0,0,0%,30.38862,-95.69633,2020-03-19 21:57 EDT
McLennan,Texas,7,1,0,0%,31.55234029,-97.20180587,2020-03-19 21:57 EDT
El Paso,Texas,6,3,0,0%,31.75916,-106.48749,2020-03-19 21:57 EDT
Bell,Texas,6,1,0,0%,31.03765881,-97.47807382,2020-03-19 21:57 EDT
Smith,Texas,5,0,0,0%,32.37505601,-95.26910259,2020-03-19 21:57 EDT
Hays,Texas,5,0,0,0%,30.1227,-97.8722,2020-03-19 21:57 EDT
Galveston,Texas,4,0,0,0%,29.29532,-94.80791,2020-03-19 21:57 EDT
Brazoria,Texas,4,0,0,0%,29.04971,-95.562,2020-03-19 21:57 EDT
Brazos,Texas,4,1,0,0%,30.66048584,-96.30207301,2020-03-19 21:57 EDT
Matagorda,Texas,3,0,1,33.3%,28.69123,-95.96755,2020-03-19 21:57 EDT
Lubbock,Texas,3,0,0,0%,33.61019304,-101.8204416,2020-03-19 21:57 EDT
Potter,Texas,2,0,0,0%,35.40127385,-101.8939736,2020-03-19 21:57 EDT
Gregg,Texas,1,0,0,0%,32.48062462,-94.81699103,2020-03-19 21:57 EDT
Lavaca,Texas,1,0,0,0%,29.38432888,-96.93010975,2020-03-19 21:57 EDT
Bowie,Texas,1,0,0,0%,33.559,-97.8486,2020-03-19 21:57 EDT
Webb,Texas,1,0,0,0%,27.7925,-99.4228,2020-03-19 21:57 EDT
Rusk,Texas,1,0,0,0%,31.796,-95.1502,2020-03-19 21:57 EDT
Ellis,Texas,1,0,0,0%,32.34839289,-96.79460418,2020-03-19 21:57 EDT
Wichita,Texas,1,0,0,0%,33.98410156,-98.70169462,2020-03-19 21:57 EDT
Johnson,Texas,1,0,0,0%,32.37899029,-97.36641179,2020-03-19 21:57 EDT
Comal,Texas,1,0,0,0%,29.80818438,-98.2781952,2020-03-19 21:57 EDT
Grimes,Texas,1,0,0,0%,30.54365581,-95.98530182,2020-03-19 21:57 EDT
Fannin,Texas,1,0,0,0%,33.59309617,-96.10695931,2020-03-19 21:57 EDT
Jefferson,Texas,1,0,0,0%,29.88366401,-94.16922753,2020-03-19 21:57 EDT
DeWitt,Texas,1,0,0,0%,29.08205895,-97.3568176,2020-03-19 21:57 EDT
Brown,Texas,1,0,0,0%,31.77427489,-98.99985028,2020-03-19 21:57 EDT
Van Zandt,Texas,1,0,0,0%,32.56229951,-95.83587208,2020-03-19 21:57 EDT
Crane,Texas,1,1,0,0%,31.428466490000066,-102.51556836199995,2020-03-19 21:57 EDT
Fulton,Georgia,66,17,0,0%,33.79024066,-84.46711002,2020-03-19 21:57 EDT
Cobb,Georgia,37,9,1,2.7%,33.9414802,-84.57663741,2020-03-19 21:57 EDT
Bartow,Georgia,26,7,0,0%,34.23764397,-84.84072940000001,2020-03-19 21:57 EDT
DeKalb,Georgia,22,4,0,0%,33.77153731,-84.22646531,2020-03-19 21:57 EDT
Dougherty,Georgia,20,13,2,10%,31.53332494,-84.21629439,2020-03-19 21:57 EDT
Cherokee,Georgia,16,7,0,0%,34.24398966,-84.47624414,2020-03-19 21:57 EDT
Gwinnett,Georgia,12,5,0,0%,33.96118879,-84.0235873,2020-03-19 21:57 EDT
Fayette,Georgia,10,2,0,0%,33.413909100000005,-84.49427247,2020-03-19 21:57 EDT
Lowndes,Georgia,8,3,0,0%,30.83362831,-83.26769554,2020-03-19 21:57 EDT
Clarke,Georgia,8,3,0,0%,33.95110572,-83.36741217,2020-03-19 21:57 EDT
Floyd,Georgia,6,0,0,0%,34.26324245,-85.21452762,2020-03-19 21:57 EDT
Clayton,Georgia,6,0,0,0%,33.54197299,-84.35769948,2020-03-19 21:57 EDT
Hall,Georgia,5,2,0,0%,34.32041152,-83.81043541,2020-03-19 21:57 EDT
Lee,Georgia,3,1,0,0%,31.77959716,-84.14088023,2020-03-19 21:57 EDT
Gordon,Georgia,3,0,0,0%,34.50319646,-84.87587883,2020-03-19 21:57 EDT
Coweta,Georgia,3,0,0,0%,33.35360269,-84.76336691,2020-03-19 21:57 EDT
Henry,Georgia,3,1,0,0%,33.45301628,-84.15426282,2020-03-19 21:57 EDT
Newton,Georgia,3,0,0,0%,33.55500659,-83.8502182,2020-03-19 21:57 EDT
Forsyth,Georgia,3,1,0,0%,34.22493225,-84.13349923,2020-03-19 21:57 EDT
Paulding,Georgia,3,0,0,0%,33.92042456,-84.8672012,2020-03-19 21:57 EDT
Troup,Georgia,2,0,0,0%,33.03351893,-85.02826168,2020-03-19 21:57 EDT
Richmond,Georgia,2,1,0,0%,33.35962968,-82.07361638,2020-03-19 21:57 EDT
Early,Georgia,2,2,0,0%,31.32275588700003,-84.90368024199995,2020-03-19 21:57 EDT
Glynn,Georgia,2,2,0,0%,31.23258256600008,-81.54266737099994,2020-03-19 21:57 EDT
Laurens,Georgia,2,2,0,0%,32.46368816900008,-82.92216464999996,2020-03-19 21:57 EDT
Polk,Georgia,1,0,0,0%,34.00168812,-85.18810974,2020-03-19 21:57 EDT
Charlton,Georgia,1,0,0,0%,30.78171091,-82.13776476,2020-03-19 21:57 EDT
Columbia,Georgia,1,0,0,0%,33.53724806,-82.26219609,2020-03-19 21:57 EDT
Houston,Georgia,1,0,0,0%,32.45894643,-83.66617499,2020-03-19 21:57 EDT
Whitfield,Georgia,1,0,0,0%,34.80552576,-84.96721045,2020-03-19 21:57 EDT
Barrow,Georgia,1,0,0,0%,33.99322516,-83.71272533,2020-03-19 21:57 EDT
Bibb,Georgia,1,1,0,0%,32.80663591500007,-83.69775904499993,2020-03-19 21:57 EDT
Peach,Georgia,1,1,0,0%,32.568811802000035,-83.82678716999997,2020-03-19 21:57 EDT
Muscogee,Georgia,1,1,0,0%,32.50990010800007,-84.87686883799995,2020-03-19 21:57 EDT
Denver,Colorado,43,0,0,0%,39.74001,-104.99202,2020-03-19 21:57 EDT
Eagle,Colorado,39,0,0,0%,39.65565,-106.82788,2020-03-19 21:57 EDT
Jefferson,Colorado,25,0,0,0%,39.58643164,-105.2504022,2020-03-19 21:57 EDT
Arapahoe,Colorado,22,0,0,0%,39.64976719,-104.3392044,2020-03-19 21:57 EDT
Douglas,Colorado,11,0,0,0%,39.32966642,-104.9295706,2020-03-19 21:57 EDT
Pitkin,Colorado,11,0,0,0%,39.21712515,-106.9167355,2020-03-19 21:57 EDT
Gunnison,Colorado,11,0,0,0%,38.54526,-106.92692,2020-03-19 21:57 EDT
Boulder,Colorado,11,0,0,0%,40.01574,-105.27924,2020-03-19 21:57 EDT
Adams,Colorado,10,0,0,0%,39.87375914,-104.3366349,2020-03-19 21:57 EDT
Weld,Colorado,9,0,1,11.1%,40.55477273,-104.3924353,2020-03-19 21:57 EDT
El Paso,Colorado,8,0,2,25%,38.83212691,-104.5255141,2020-03-19 21:57 EDT
Summit,Colorado,5,0,0,0%,39.6341694,-106.1163607,2020-03-19 21:57 EDT
Larimer,Colorado,4,0,0,0%,40.66645245,-105.4609363,2020-03-19 21:57 EDT
Pueblo,Colorado,2,1,0,0%,38.26375,-104.61252,2020-03-19 21:57 EDT
Routt,Colorado,2,0,0,0%,40.48499792,-106.9912189,2020-03-19 21:57 EDT
Garfield,Colorado,2,0,0,0%,39.59922654,-107.9040019,2020-03-19 21:57 EDT
Clear Creek,Colorado,2,0,0,0%,39.68905313,-105.6443322,2020-03-19 21:57 EDT
Mesa,Colorado,1,0,0,0%,39.16616,-108.13889,2020-03-19 21:57 EDT
Grand,Colorado,1,0,0,0%,40.10263738,-106.1182838,2020-03-19 21:57 EDT
Crowley,Colorado,1,1,1,100%,38.32668857400007,-103.78479847799996,2020-03-19 21:57 EDT
Montgomery,Pennsylvania,55,13,0,0%,40.21089424,-75.36736378,2020-03-19 21:57 EDT
Philadelphia,Pennsylvania,44,10,0,0%,39.95222,-75.16218,2020-03-19 21:57 EDT
Allegheny,Pennsylvania,18,6,0,0%,40.45082,-80.01615,2020-03-19 21:57 EDT
Monroe,Pennsylvania,15,7,0,0%,41.05811592,-75.33939791,2020-03-19 21:57 EDT
Delaware,Pennsylvania,14,0,0,0%,39.9167251,-75.39898556,2020-03-19 21:57 EDT
Bucks,Pennsylvania,12,0,0,0%,40.33694044,-75.10679406,2020-03-19 21:57 EDT
Cumberland,Pennsylvania,11,1,0,0%,40.16367663,-77.26538073,2020-03-19 21:57 EDT
Chester,Pennsylvania,10,1,0,0%,39.97320372,-75.74845154,2020-03-19 21:57 EDT
Northampton,Pennsylvania,5,4,1,20%,40.6836,-75.49108000000003,2020-03-19 21:57 EDT
Pike,Pennsylvania,3,1,0,0%,41.33202501,-75.03382353,2020-03-19 21:57 EDT
Washington,Pennsylvania,3,1,0,0%,40.16752,-80.24648,2020-03-19 21:57 EDT
Beaver,Pennsylvania,2,0,0,0%,40.6964,-80.30196,2020-03-19 21:57 EDT
York,Pennsylvania,2,0,0,0%,39.91993202,-76.72645287,2020-03-19 21:57 EDT
Lancaster,Pennsylvania,2,1,0,0%,40.04236245,-76.24767325,2020-03-19 21:57 EDT
Lackawanna,Pennsylvania,2,1,0,0%,41.43685633,-75.60917996,2020-03-19 21:57 EDT
Westmoreland,Pennsylvania,2,2,0,0%,40.310772400000076,-79.46697991799994,2020-03-19 21:57 EDT
Wayne,Pennsylvania,1,0,0,0%,41.64878798,-75.30324861,2020-03-19 21:57 EDT
Lehigh,Pennsylvania,1,0,0,0%,40.61265671,-75.59232058,2020-03-19 21:57 EDT
Luzerne,Pennsylvania,1,0,0,0%,41.28669,-75.90272,2020-03-19 21:57 EDT
Berks,Pennsylvania,1,0,0,0%,40.41633729,-75.92604542,2020-03-19 21:57 EDT
Erie,Pennsylvania,1,0,0,0%,41.99166483,-80.03220618,2020-03-19 21:57 EDT
Lebanon,Pennsylvania,1,1,0,0%,40.36719795400006,-76.45774632799998,2020-03-19 21:57 EDT
Milwaukee,Wisconsin,62,15,0,0%,43.042,-87.90687,2020-03-19 21:57 EDT
Dane,Wisconsin,27,4,0,0%,43.2509,-89.51829000000002,2020-03-19 21:57 EDT
Fond du Lac,Wisconsin,14,1,1,7.1%,43.77302,-88.44709,2020-03-19 21:57 EDT
Waukesha,Wisconsin,12,7,0,0%,43.01458,-88.23548000000002,2020-03-19 21:57 EDT
Sheboygan,Wisconsin,6,2,0,0%,43.74978,-87.71343,2020-03-19 21:57 EDT
Winnebago,Wisconsin,5,0,0,0%,44.07516,-88.52521999999998,2020-03-19 21:57 EDT
Kenosha,Wisconsin,4,0,0,0%,42.58808,-87.82326,2020-03-19 21:57 EDT
La Crosse,Wisconsin,4,2,0,0%,43.81267,-91.25206,2020-03-19 21:57 EDT
Columbia,Wisconsin,4,4,0,0%,43.466630000000066,-89.33374584699999,2020-03-19 21:57 EDT
Racine,Wisconsin,3,2,0,0%,42.72564000000001,-87.78955,2020-03-19 21:57 EDT
Ozaukee,Wisconsin,3,2,1,33.3%,43.38406045,-87.95080924,2020-03-19 21:57 EDT
Washington,Wisconsin,2,0,0,0%,43.36846263,-88.23074627,2020-03-19 21:57 EDT
Brown,Wisconsin,2,0,0,0%,44.45262729,-88.00370915,2020-03-19 21:57 EDT
Walworth,Wisconsin,2,1,0,0%,42.66860085,-88.54195408,2020-03-19 21:57 EDT
Pierce,Wisconsin,1,0,0,0%,44.72273325,-92.42192317,2020-03-19 21:57 EDT
Wood,Wisconsin,1,0,0,0%,44.47523,-90.16062,2020-03-19 21:57 EDT
Outagamie,Wisconsin,1,0,0,0%,44.41615179,-88.46497822,2020-03-19 21:57 EDT
Calumet,Wisconsin,1,0,0,0%,44.08345086000003,-88.18359014799995,2020-03-19 21:57 EDT
Eau Claire,Wisconsin,1,1,0,0%,44.81658,-91.50077,2020-03-19 21:57 EDT
Bayfield,Wisconsin,1,1,0,0%,46.52358986800005,-91.20084099699993,2020-03-19 21:57 EDT
Sauk,Wisconsin,1,1,0,0%,43.426693129000064,-89.94833280099995,2020-03-19 21:57 EDT
Dunn,Wisconsin,1,1,0,0%,44.94656917300006,-91.89636357799999,2020-03-19 21:57 EDT
St. Croix,Wisconsin,1,1,0,0%,45.767184084000064,-92.14814144999997,2020-03-19 21:57 EDT
Fairfield,Connecticut,102,33,3,2.9%,41.16633,-73.22876,2020-03-19 21:57 EDT
New Haven,Connecticut,23,13,0,0%,41.30801,-72.92432,2020-03-19 21:57 EDT
Hartford,Connecticut,18,7,0,0%,41.76375,-72.67394,2020-03-19 21:57 EDT
Litchfield,Connecticut,7,2,0,0%,41.74626,-73.18895,2020-03-19 21:57 EDT
Tolland,Connecticut,4,3,0,0%,41.85504483,-72.33656749,2020-03-19 21:57 EDT
Middlesex,Connecticut,3,2,0,0%,41.46306660000001,-72.53470405,2020-03-19 21:57 EDT
Davidson,Tennessee,75,17,0,0%,36.16956079999999,-86.78475676,2020-03-19 21:57 EDT
Williamson,Tennessee,30,6,0,0%,35.89382673,-86.89863959,2020-03-19 21:57 EDT
Shelby,Tennessee,10,6,0,0%,31.95656,-94.31826,2020-03-19 21:57 EDT
Hamilton,Tennessee,5,2,0,0%,35.17932044,-85.16684143,2020-03-19 21:57 EDT
Knox,Tennessee,2,0,0,0%,35.9956069,-83.93465204,2020-03-19 21:57 EDT
Sumner,Tennessee,2,0,0,0%,36.46946208,-86.46033197,2020-03-19 21:57 EDT
Sullivan,Tennessee,1,0,0,0%,36.51280182,-82.30449503,2020-03-19 21:57 EDT
Jefferson,Tennessee,1,0,0,0%,36.05717538,-83.45179448,2020-03-19 21:57 EDT
Rutherford,Tennessee,1,0,0,0%,35.84274327,-86.41675248,2020-03-19 21:57 EDT
Campbell,Tennessee,1,0,0,0%,36.40345626,-84.14936087,2020-03-19 21:57 EDT
Sevier,Tennessee,1,0,0,0%,35.78406841,-83.52422241,2020-03-19 21:57 EDT
Cheatham,Tennessee,1,0,0,0%,36.26137095,-87.08723567,2020-03-19 21:57 EDT
Robertson,Tennessee,1,0,0,0%,36.52542953,-86.87055295,2020-03-19 21:57 EDT
Cumberland,Tennessee,1,1,0,0%,35.95038174600006,-84.99834053199999,2020-03-19 21:57 EDT
Durham,North Carolina,35,8,0,0%,35.99542,-78.89644,2020-03-19 21:57 EDT
Mecklenburg,North Carolina,31,18,0,0%,35.24147789,-80.83080552,2020-03-19 21:57 EDT
Wake,North Carolina,25,3,0,0%,35.79010846,-78.65039764,2020-03-19 21:57 EDT
Harnett,North Carolina,6,2,0,0%,35.34117,-78.78837,2020-03-19 21:57 EDT
Forsyth,North Carolina,5,3,0,0%,36.13053703,-80.25630221,2020-03-19 21:57 EDT
Chatham,North Carolina,3,0,0,0%,35.70262985,-79.25541576,2020-03-19 21:57 EDT
Guilford,North Carolina,3,2,0,0%,36.07946818,-79.78897008,2020-03-19 21:57 EDT
Johnston,North Carolina,2,0,0,0%,35.51765595,-78.36573857,2020-03-19 21:57 EDT
Craven,North Carolina,2,1,0,0%,35.11728658,-77.08247035,2020-03-19 21:57 EDT
Watauga,North Carolina,2,0,0,0%,36.23101355,-81.69645582,2020-03-19 21:57 EDT
Wilson,North Carolina,2,1,0,0%,35.72196,-77.91637,2020-03-19 21:57 EDT
Iredell,North Carolina,2,0,0,0%,35.8311,-80.8987,2020-03-19 21:57 EDT
Union,North Carolina,2,1,0,0%,34.98832565,-80.53074453,2020-03-19 21:57 EDT
Moore,North Carolina,2,1,0,0%,35.3106825,-79.48131025,2020-03-19 21:57 EDT
Cumberland,North Carolina,2,2,0,0%,35.04862487900005,-78.82739224999995,2020-03-19 21:57 EDT
Cabarrus,North Carolina,1,0,0,0%,35.2372,-80.5423,2020-03-19 21:57 EDT
Onslow,North Carolina,1,0,0,0%,34.73346891,-77.42966411,2020-03-19 21:57 EDT
Wayne,North Carolina,1,0,0,0%,35.36376229,-78.0041603,2020-03-19 21:57 EDT
Brunswick,North Carolina,1,0,0,0%,34.07059384,-78.23749682,2020-03-19 21:57 EDT
Sampson,North Carolina,1,0,0,0%,34.99160724,-78.37157696,2020-03-19 21:57 EDT
Lincoln,North Carolina,1,0,0,0%,35.48576876,-81.23065125,2020-03-19 21:57 EDT
Gaston,North Carolina,1,0,0,0%,35.29417636,-81.18015484,2020-03-19 21:57 EDT
New Hanover,North Carolina,1,0,0,0%,34.23292157,-77.88477524,2020-03-19 21:57 EDT
Buncombe,North Carolina,1,0,0,0%,35.61113256,-82.53009394,2020-03-19 21:57 EDT
Hoke,North Carolina,1,0,0,0%,35.01729402,-79.23716267,2020-03-19 21:57 EDT
Pitt,North Carolina,1,1,0,0%,35.59351086,-77.37466837,2020-03-19 21:57 EDT
Rowan,North Carolina,1,1,0,0%,35.63958871900007,-80.52470939599993,2020-03-19 21:57 EDT
Davidson,North Carolina,1,1,0,0%,35.79317657800004,-80.21270474399995,2020-03-19 21:57 EDT
Pasquotank,North Carolina,1,1,0,0%,36.28883220500006,-76.27236840499995,2020-03-19 21:57 EDT
Cuyahoga,Ohio,53,15,0,0%,41.42441485,-81.65858169,2020-03-19 21:57 EDT
Franklin,Ohio,10,3,0,0%,39.96947128,-83.00933072,2020-03-19 21:57 EDT
Butler,Ohio,8,0,0,0%,39.43863845,-84.57616769,2020-03-19 21:57 EDT
Summit,Ohio,6,2,0,0%,41.12591572,-81.53218826,2020-03-19 21:57 EDT
Lorain,Ohio,6,0,0,0%,41.4682,-82.17815,2020-03-19 21:57 EDT
Stark,Ohio,5,2,0,0%,40.81390964,-81.3656565,2020-03-19 21:57 EDT
Medina,Ohio,5,1,0,0%,41.14042,-81.86402,2020-03-19 21:57 EDT
Mahoning,Ohio,5,2,0,0%,41.01464431,-80.77623825,2020-03-19 21:57 EDT
Trumbull,Ohio,2,0,0,0%,41.31706712,-80.7611827,2020-03-19 21:57 EDT
Belmont,Ohio,2,0,0,0%,40.02955,-81.03891,2020-03-19 21:57 EDT
Lake,Ohio,2,0,0,0%,41.69640842,-81.23731889,2020-03-19 21:57 EDT
Coshocton,Ohio,2,0,0,0%,40.3016178,-81.92001377,2020-03-19 21:57 EDT
Delaware,Ohio,2,1,0,0%,40.27842038,-83.00497693,2020-03-19 21:57 EDT
Hamilton,Ohio,2,2,0,0%,39.19604613300004,-84.54207829299997,2020-03-19 21:57 EDT
Lucas,Ohio,1,0,1,100%,41.61985841,-83.65977665,2020-03-19 21:57 EDT
Tuscarawas,Ohio,1,0,0,0%,40.39758,-81.40727,2020-03-19 21:57 EDT
Geauga,Ohio,1,0,0,0%,41.49954507,-81.17858376,2020-03-19 21:57 EDT
Darke,Ohio,1,0,0,0%,40.13323815,-84.61936159,2020-03-19 21:57 EDT
Huron,Ohio,1,0,0,0%,41.14620646,-82.59834972,2020-03-19 21:57 EDT
Ashland,Ohio,1,0,0,0%,40.84598539,-82.27068220000002,2020-03-19 21:57 EDT
Montgomery,Ohio,1,0,0,0%,39.75468776,-84.29097551,2020-03-19 21:57 EDT
Clark,Ohio,1,1,0,0%,39.91665401000006,-83.78374972299997,2020-03-19 21:57 EDT
Miami,Ohio,1,1,0,0%,40.05344879300003,-84.22890719499998,2020-03-19 21:57 EDT
Richland,Ohio,1,1,0,0%,40.77469823200005,-82.53644022799996,2020-03-19 21:57 EDT
Montgomery,Maryland,33,2,0,0%,39.13636819,-77.20403165,2020-03-19 21:57 EDT
Prince George's,Maryland,23,3,1,4.3%,38.82838616,-76.84587073,2020-03-19 21:57 EDT
Howard,Maryland,16,8,0,0%,39.25112784,-76.9312584,2020-03-19 21:57 EDT
Baltimore,Maryland,12,2,0,0%,39.29058,-76.60925999999998,2020-03-19 21:57 EDT
Baltimore City,Maryland,8,4,0,0%,39.30194126,-76.61111168,2020-03-19 21:57 EDT
Anne Arundel,Maryland,5,1,0,0%,39.00889701,-76.60328627,2020-03-19 21:57 EDT
Harford,Maryland,3,0,0,0%,39.55444035,-76.31583955,2020-03-19 21:57 EDT
Charles,Maryland,2,0,0,0%,38.47410423,-77.01286707,2020-03-19 21:57 EDT
Carroll,Maryland,2,1,0,0%,39.5629588,-77.02246566,2020-03-19 21:57 EDT
Talbot,Maryland,1,0,0,0%,38.75926446,-76.11366953,2020-03-19 21:57 EDT
Frederick,Maryland,1,0,0,0%,39.41574,-77.41203,2020-03-19 21:57 EDT
Calvert,Maryland,1,1,0,0%,38.54020822,-76.56511395,2020-03-19 21:57 EDT
Arlington,Virginia,17,3,0,0%,38.8905,-77.08629,2020-03-19 21:57 EDT
Fairfax,Virginia,16,2,0,0%,38.84179,-77.30887,2020-03-19 21:57 EDT
James City,Virginia,14,1,1,7.1%,37.31327387,-76.77335259,2020-03-19 21:57 EDT
Prince William,Virginia,11,7,0,0%,38.7024474,-77.4800235,2020-03-19 21:57 EDT
Chesterfield,Virginia,6,1,0,0%,37.37756,-77.50816999999998,2020-03-19 21:57 EDT
Loudoun,Virginia,5,0,0,0%,39.09069908,-77.63564793,2020-03-19 21:57 EDT
Virginia Beach City,Virginia,4,0,0,0%,36.74817867,-76.0574891,2020-03-19 21:57 EDT
Alexandria City,Virginia,4,2,0,0%,38.81838615,-77.08622964,2020-03-19 21:57 EDT
Charlottesville City,Virginia,3,2,0,0%,38.03731327,-78.48702109,2020-03-19 21:57 EDT
Henrico,Virginia,3,1,0,0%,37.5059,-77.3324,2020-03-19 21:57 EDT
Richmond City,Virginia,3,0,0,0%,37.52950871,-77.47573291,2020-03-19 21:57 EDT
Stafford,Virginia,2,0,0,0%,38.42346,-77.40816,2020-03-19 21:57 EDT
Spotsylvania,Virginia,1,0,0,0%,38.20174,-77.58855,2020-03-19 21:57 EDT
Hanover,Virginia,1,0,0,0%,37.76881,-77.37109,2020-03-19 21:57 EDT
Prince Edward,Virginia,1,0,0,0%,37.22429738,-78.44105653,2020-03-19 21:57 EDT
Harrisonburg,Virginia,1,0,0,0%,38.45163,-78.8697,2020-03-19 21:57 EDT
York,Virginia,1,0,1,100%,37.24188617,-76.55913612,2020-03-19 21:57 EDT
Williamsburg,Virginia,1,0,0,0%,37.26927,-76.70756,2020-03-19 21:57 EDT
Goochland,Virginia,1,0,0,0%,37.72201887,-77.91622239,2020-03-19 21:57 EDT
Charles City,Virginia,1,0,0,0%,37.34197,-77.0725,2020-03-19 21:57 EDT
Lynchburg,Virginia,1,0,0,0%,37.40040903,-79.19097922,2020-03-19 21:57 EDT
Norfolk,Virginia,1,0,0,0%,36.89279963,-76.26098429,2020-03-19 21:57 EDT
Albemarle,Virginia,1,1,0,0%,38.02284365100007,-78.55658355099996,2020-03-19 21:57 EDT
Portsmouth City,Virginia,1,1,0,0%,36.84915825100006,-76.35371775099999,2020-03-19 21:57 EDT
Gloucester,Virginia,1,1,0,0%,37.411142591000036,-76.53781434499996,2020-03-19 21:57 EDT
Botetourt,Virginia,1,1,0,0%,37.557151820000065,-79.81229350899997,2020-03-19 21:57 EDT
Suffolk,Virginia,1,1,0,0%,36.697698141000046,-76.63778097299995,2020-03-19 21:57 EDT
Botetourt,Virginia,1,1,0,0%,37.557151820000065,-79.81229350899997,2020-03-19 21:57 EDT
Clark,Nevada,69,0,1,1.4%,36.21709974,-115.0246913,2020-03-19 21:57 EDT
Washoe,Nevada,14,0,0,0%,40.68696023,-119.665991,2020-03-19 21:57 EDT
Carson City,Nevada,1,0,0,0%,39.16506,-119.76697,2020-03-19 21:57 EDT
Hennepin,Minnesota,32,4,0,0%,45.00575776,-93.4749321,2020-03-19 21:57 EDT
Ramsey,Minnesota,12,0,0,0%,45.01812241,-93.09961678,2020-03-19 21:57 EDT
Dakota,Minnesota,8,0,0,0%,44.67098069,-93.06667775,2020-03-19 21:57 EDT
Anoka,Minnesota,6,3,0,0%,45.19833,-93.38997,2020-03-19 21:57 EDT
Olmsted,Minnesota,6,0,0,0%,44.00379942,-92.40181819,2020-03-19 21:57 EDT
Carver,Minnesota,3,1,0,0%,44.76325,-93.62524,2020-03-19 21:57 EDT
Stearns,Minnesota,3,0,0,0%,45.55209682,-94.61375674,2020-03-19 21:57 EDT
Washington,Minnesota,3,0,0,0%,45.04110113,-92.88337857,2020-03-19 21:57 EDT
Martin,Minnesota,3,1,0,0%,43.67434914,-94.55104942,2020-03-19 21:57 EDT
Wright,Minnesota,2,0,0,0%,45.17344199,-93.9635579,2020-03-19 21:57 EDT
Blue earth,Minnesota,2,0,0,0%,43.9505,-93.9878,2020-03-19 21:57 EDT
Nicollet,Minnesota,2,0,0,0%,44.34967975,-94.24686405,2020-03-19 21:57 EDT
Renville,Minnesota,1,0,0,0%,44.78921,-95.21243,2020-03-19 21:57 EDT
Waseca,Minnesota,1,0,0,0%,44.07804,-93.50742,2020-03-19 21:57 EDT
Benton,Minnesota,1,0,0,0%,45.7211,-93.9733,2020-03-19 21:57 EDT
Wadena,Minnesota,1,1,0,0%,46.585694517000036,-94.96940786699993,2020-03-19 21:57 EDT
Mower,Minnesota,1,1,0,0%,43.67148238500005,-92.75250118299994,2020-03-19 21:57 EDT
Rice,Minnesota,1,1,0,0%,44.35426198300007,-93.29671495199995,2020-03-19 21:57 EDT
Scott,Minnesota,1,1,0,0%,44.648511,-93.535747,2020-03-19 21:57 EDT
Washington,Oregon,25,2,1,4%,45.56005965,-123.098408,2020-03-19 21:57 EDT
Linn,Oregon,17,2,0,0%,44.4887414,-122.5343983,2020-03-19 21:57 EDT
Marion,Oregon,13,5,0,0%,44.75045,-122.94052,2020-03-19 21:57 EDT
Multnomah,Oregon,7,4,1,14.3%,45.46975,-122.70562,2020-03-19 21:57 EDT
Deschutes,Oregon,6,0,0,0%,44.15924,-121.25967,2020-03-19 21:57 EDT
Clackamas,Oregon,6,0,0,0%,45.41211,-122.56909,2020-03-19 21:57 EDT
Benton,Oregon,3,0,0,0%,44.491835896000055,-123.42929181899996,2020-03-19 21:57 EDT
Jackson,Oregon,2,0,0,0%,42.4321189,-122.7284862,2020-03-19 21:57 EDT
Umatilla,Oregon,2,0,0,0%,45.91768,-119.34203,2020-03-19 21:57 EDT
Yamhill,Oregon,2,0,0,0%,45.34037,-123.18787,2020-03-19 21:57 EDT
Lane,Oregon,2,0,1,50%,43.93873498,-122.8479273,2020-03-19 21:57 EDT
Klamath,Oregon,1,0,0,0%,42.69219137,-121.6433518,2020-03-19 21:57 EDT
Douglas,Oregon,1,0,0,0%,43.27977096,-123.1664872,2020-03-19 21:57 EDT
Polk,Oregon,1,0,0,0%,44.90373452,-123.4127777,2020-03-19 21:57 EDT
Kershaw,South Carolina,29,4,0,0%,34.33892207,-80.59029602,2020-03-19 21:57 EDT
Richland,South Carolina,8,4,0,0%,34.02145286,-80.90134504,2020-03-19 21:57 EDT
Beaufort,South Carolina,7,1,0,0%,32.43119,-80.66993000000002,2020-03-19 21:57 EDT
Greenville,South Carolina,7,4,0,0%,34.84827,-82.40011,2020-03-19 21:57 EDT
Horry,South Carolina,6,1,0,0%,33.93188,-79.1347,2020-03-19 21:57 EDT
Charleston,South Carolina,5,2,0,0%,32.78115,-79.9316,2020-03-19 21:57 EDT
Lexington,South Carolina,5,0,1,20%,33.98105,-81.23595,2020-03-19 21:57 EDT
Lancaster,South Carolina,3,1,0,0%,34.72096,-80.77112,2020-03-19 21:57 EDT
Anderson,South Carolina,2,0,0,0%,34.500609999999995,-82.64962,2020-03-19 21:57 EDT
Spartanburg,South Carolina,1,0,0,0%,34.94838,-81.93494,2020-03-19 21:57 EDT
Fairfield,South Carolina,1,0,0,0%,34.39518619,-81.12116934,2020-03-19 21:57 EDT
Calhoun,South Carolina,1,0,0,0%,33.67595941,-80.78363901,2020-03-19 21:57 EDT
York,South Carolina,1,0,0,0%,34.97475038,-81.18448769,2020-03-19 21:57 EDT
Dorchester,South Carolina,1,0,0,0%,33.07954661,-80.40549017,2020-03-19 21:57 EDT
Lee,South Carolina,1,0,0,0%,34.16328963,-80.25444247,2020-03-19 21:57 EDT
Abbeville,South Carolina,1,1,0,0%,34.22258416000005,-82.45866128499995,2020-03-19 21:57 EDT
Anderson,South Carolina,1,1,0,0%,34.500609999999995,-82.64962,2020-03-19 21:57 EDT
Saluda,South Carolina,1,1,0,0%,34.00477885600003,-81.72960193799997,2020-03-19 21:57 EDT
Salt Lake,Utah,29,6,0,0%,40.76031,-111.88822,2020-03-19 21:57 EDT
Summit,Utah,19,4,0,0%,40.86809857,-110.9558464,2020-03-19 21:57 EDT
Non-Utah resident,Utah,10,0,0,0%,39.32372519,-111.67824840000002,2020-03-19 21:57 EDT
Davis,Utah,6,0,0,0%,40.99973617,-111.9800051,2020-03-19 21:57 EDT
Weber-Morgan,Utah,4,0,0,0%,41.2245943,-111.9703114,2020-03-19 21:57 EDT
Wasatch,Utah,3,1,0,0%,40.3304771,-111.1683986,2020-03-19 21:57 EDT
Bear River,Utah,3,2,0,0%,41.45827,-112.29023,2020-03-19 21:57 EDT
Utah,Utah,2,1,0,0%,40.11356385,-111.6594534,2020-03-19 21:57 EDT
Cache,Utah,2,0,0,0%,41.72244399,-111.7435477,2020-03-19 21:57 EDT
Southwest Utah,Utah,1,0,0,0%,37.00357734,-112.9680908,2020-03-19 21:57 EDT
Tooele,Utah,1,0,0,0%,40.53408,-112.29849,2020-03-19 21:57 EDT
Jefferson,Alabama,34,9,0,0%,33.55427371,-86.89648912,2020-03-19 21:57 EDT
Lee,Alabama,10,2,0,0%,32.60103513,-85.35548613,2020-03-19 21:57 EDT
Shelby,Alabama,9,5,0,0%,33.113,-86.58361,2020-03-19 21:57 EDT
Elmore,Alabama,5,1,0,0%,32.54165,-86.31093,2020-03-19 21:57 EDT
Madison,Alabama,5,4,0,0%,34.76311801,-86.55018951,2020-03-19 21:57 EDT
Tuscaloosa,Alabama,4,1,0,0%,33.21042,-87.56625,2020-03-19 21:57 EDT
Montgomery,Alabama,3,1,0,0%,32.38015,-86.30008000000002,2020-03-19 21:57 EDT
Limestone,Alabama,1,0,0,0%,34.81489201,-86.97728456,2020-03-19 21:57 EDT
Baldwin,Alabama,1,0,0,0%,30.73589116,-87.72352514,2020-03-19 21:57 EDT
St. Clair,Alabama,1,0,0,0%,33.653,-86.3377,2020-03-19 21:57 EDT
Calhoun,Alabama,1,0,0,0%,33.77138006,-85.82610844,2020-03-19 21:57 EDT
Chambers,Alabama,1,0,0,0%,32.91425002,-85.39199738,2020-03-19 21:57 EDT
Talladega,Alabama,1,1,0,0%,33.38013838,-86.16584527,2020-03-19 21:57 EDT
Walker,Alabama,1,1,0,0%,33.7422,-87.25376,2020-03-19 21:57 EDT
Mobile,Alabama,1,1,0,0%,30.789890194000073,-88.20635938899994,2020-03-19 21:57 EDT
Washington,District of Columbia,71,31,0,0%,38.89037,-77.03196,2020-03-19 21:57 EDT
Jefferson,Arkansas,3,0,0,0%,34.37911,-92.16608,2020-03-19 21:57 EDT
Washington,Arkansas,1,0,0,0%,35.97848657,-94.21608058,2020-03-19 21:57 EDT
Marion,Indiana,19,8,1,5.3%,39.78174364,-86.13841490000001,2020-03-19 21:57 EDT
Howard,Indiana,5,3,0,0%,40.48359609,-86.11686027,2020-03-19 21:57 EDT
Hendricks,Indiana,4,0,0,0%,39.483833,-86.068651,2020-03-19 21:57 EDT
Lake,Indiana,4,1,0,0%,41.4166063,-87.38217401,2020-03-19 21:57 EDT
Johnson,Indiana,3,0,1,33.3%,39.48998224,-86.10160833,2020-03-19 21:57 EDT
St. Joseph,Indiana,3,2,0,0%,41.61672009,-86.28991117,2020-03-19 21:57 EDT
Hamilton,Indiana,2,0,0,0%,40.07251369,-86.05201795,2020-03-19 21:57 EDT
Franklin,Indiana,2,0,0,0%,39.41487151,-85.06025193,2020-03-19 21:57 EDT
Allen,Indiana,2,2,0,0%,41.090861405000055,-85.06653711099996,2020-03-19 21:57 EDT
Noble,Indiana,1,0,0,0%,41.39858246,-85.41743879,2020-03-19 21:57 EDT
Adams,Indiana,1,0,0,0%,40.74565068,-84.93663421,2020-03-19 21:57 EDT
Boone,Indiana,1,0,0,0%,40.05074486,-86.46869878,2020-03-19 21:57 EDT
Wells,Indiana,1,0,0,0%,40.72919489,-85.22121595,2020-03-19 21:57 EDT
LaPorte,Indiana,1,0,0,0%,41.6106,-86.72251999999996,2020-03-19 21:57 EDT
Floyd,Indiana,1,0,0,0%,38.3189831,-85.90692978,2020-03-19 21:57 EDT
Bartholomew,Indiana,1,0,0,0%,39.20594992,-85.8975923,2020-03-19 21:57 EDT
Clark,Indiana,1,0,0,0%,38.47741675,-85.70747393,2020-03-19 21:57 EDT
Fayette,Indiana,1,0,0,0%,39.64006518,-85.17871479,2020-03-19 21:57 EDT
Jennings,Indiana,1,0,0,0%,38.99694082,-85.62804372,2020-03-19 21:57 EDT
Tippecanoe,Indiana,1,0,0,0%,40.38856752,-86.89409188,2020-03-19 21:57 EDT
Madison,Indiana,1,1,0,0%,40.16165564,-85.71935843,2020-03-19 21:57 EDT
Wayne,Indiana,1,1,0,0%,39.86443721,-85.00984284,2020-03-19 21:57 EDT
Owen,Indiana,1,1,0,0%,39.31272984,-86.83764090000004,2020-03-19 21:57 EDT
Monroe,Indiana,1,1,0,0%,39.160889299000075,-86.52313759099997,2020-03-19 21:57 EDT
Vigo,Indiana,1,1,0,0%,39.430629512000046,-87.38994948599998,2020-03-19 21:57 EDT
Cumberland,Maine,25,1,0,0%,43.79028,-70.24611999999999,2020-03-19 21:57 EDT
Androscoggin,Maine,3,0,0,0%,44.16587609,-70.20645861,2020-03-19 21:57 EDT
Lincoln,Maine,3,0,0,0%,44.07018534,-69.54387103,2020-03-19 21:57 EDT
Kennebec,Maine,3,2,0,0%,44.40914805,-69.76727562,2020-03-19 21:57 EDT
York,Maine,2,0,0,0%,43.47852983,-70.71542947,2020-03-19 21:57 EDT
Oxford,Maine,1,0,0,0%,44.50009572,-70.75666912,2020-03-19 21:57 EDT
Penobscot,Maine,1,0,0,0%,45.40051207,-68.64945726,2020-03-19 21:57 EDT
Hancock,Maine,1,1,0,0%,44.66861140800006,-68.35812310599994,2020-03-19 21:57 EDT
Fayette,Kentucky,8,0,0,0%,38.04227216,-84.45868673,2020-03-19 21:57 EDT
Jefferson,Kentucky,8,0,1,12.5%,38.18589024,-85.65499484,2020-03-19 21:57 EDT
Harrison,Kentucky,6,0,0,0%,38.44174035,-84.33140447,2020-03-19 21:57 EDT
Montgomery,Kentucky,2,0,0,0%,38.03347158,-83.91302990000001,2020-03-19 21:57 EDT
Nelson,Kentucky,1,0,0,0%,37.80507638,-85.46597155,2020-03-19 21:57 EDT
Clark,Kentucky,1,0,0,0%,37.97082287,-84.14733588,2020-03-19 21:57 EDT
Bourbon,Kentucky,1,0,1,100%,38.20667946,-84.21713594,2020-03-19 21:57 EDT
Lyon,Kentucky,1,0,0,0%,37.0261669,-88.07899509,2020-03-19 21:57 EDT
Kenton,Kentucky,1,0,0,0%,38.93194372,-84.53299767,2020-03-19 21:57 EDT
Daviess,Kentucky,1,1,0,0%,37.72855556900004,-87.08612580099998,2020-03-19 21:57 EDT
Henderson,Kentucky,1,1,0,0%,37.79045906600004,-87.57002717799999,2020-03-19 21:57 EDT
Pearl River,Mississippi,7,3,0,0%,30.7685434,-89.58975736,2020-03-19 21:57 EDT
Harrison,Mississippi,7,3,0,0%,30.51215635,-89.11668435,2020-03-19 21:57 EDT
Hinds,Mississippi,6,0,0,0%,32.26676751,-90.4426253,2020-03-19 21:57 EDT
Forrest,Mississippi,4,1,0,0%,31.18883949,-89.25783485,2020-03-19 21:57 EDT
Leflore,Mississippi,4,0,0,0%,33.55052797,-90.30106536,2020-03-19 21:57 EDT
Copiah,Mississippi,2,0,0,0%,31.8693204,-90.44885969,2020-03-19 21:57 EDT
Jackson,Mississippi,2,1,0,0%,30.54327789,-88.6359578,2020-03-19 21:57 EDT
Desoto,Mississippi,2,1,0,0%,34.87494026,-89.98882209,2020-03-19 21:57 EDT
Bolivar,Mississippi,2,0,0,0%,33.79576737,-90.87602886,2020-03-19 21:57 EDT
Coahoma,Mississippi,2,0,0,0%,34.22735359,-90.59769074,2020-03-19 21:57 EDT
Hancock,Mississippi,1,0,1,100%,30.416343800000003,-89.48879815,2020-03-19 21:57 EDT
Monroe,Mississippi,1,0,0,0%,33.89226612,-88.48051389,2020-03-19 21:57 EDT
Perry,Mississippi,1,0,0,0%,31.17193306,-88.99230846,2020-03-19 21:57 EDT
Madison,Mississippi,1,0,0,0%,32.63807955,-90.03502697,2020-03-19 21:57 EDT
Holmes,Mississippi,1,1,0,0%,33.12351878,-90.09205303,2020-03-19 21:57 EDT
Jones,Mississippi,1,1,0,0%,31.62253561,-89.16873777,2020-03-19 21:57 EDT
Smith,Mississippi,1,1,0,0%,32.01768129,-89.50668357,2020-03-19 21:57 EDT
Walthall,Mississippi,1,1,0,0%,31.14842844,-90.10609793,2020-03-19 21:57 EDT
Wilkinson,Mississippi,1,1,0,0%,31.16041084,-91.30894605,2020-03-19 21:57 EDT
Winston,Mississippi,1,1,0,0%,33.08842772,-89.03451565,2020-03-19 21:57 EDT
Yazoo,Mississippi,1,1,0,0%,32.780320399999994,-90.39643393,2020-03-19 21:57 EDT
Lafayette,Mississippi,1,1,0,0%,34.351338565000056,-89.47812909199995,2020-03-19 21:57 EDT
Maricopa,Arizona,22,11,0,0%,33.348824699999994,-112.4912788,2020-03-19 21:57 EDT
Pinal,Arizona,10,2,0,0%,32.90431973,-111.3447647,2020-03-19 21:57 EDT
Pima,Arizona,7,2,0,0%,32.09727123,-111.7897671,2020-03-19 21:57 EDT
Navajo,Arizona,3,0,0,0%,35.39955057,-110.3213878,2020-03-19 21:57 EDT
Coconino,Arizona,2,1,0,0%,35.83777098,-111.77082620000002,2020-03-19 21:57 EDT
Graham,Arizona,1,0,0,0%,32.87449,-109.74198,2020-03-19 21:57 EDT
Providence,Rhode Island,44,11,0,0%,41.82387,-71.41199,2020-03-19 21:57 EDT
Rockingham,New Hampshire,17,0,0,0%,43.04954,-70.93216,2020-03-19 21:57 EDT
Hillsborough,New Hampshire,8,0,0,0%,43.1443,-71.93271999999997,2020-03-19 21:57 EDT
Grafton,New Hampshire,7,0,0,0%,43.56212,-71.95114000000002,2020-03-19 21:57 EDT
Carroll,New Hampshire,4,0,0,0%,44.2977,-71.5428,2020-03-19 21:57 EDT
Berknap,New Hampshire,2,0,0,0%,43.50919599,-71.43072444,2020-03-19 21:57 EDT
Merrimack,New Hampshire,1,0,0,0%,43.29765353,-71.680181,2020-03-19 21:57 EDT
Oklahoma,Oklahoma,18,4,0,0%,35.58268395,-97.50859936,2020-03-19 21:57 EDT
Cleveland,Oklahoma,9,5,0,0%,35.20309375,-97.32639069,2020-03-19 21:57 EDT
Tulsa,Oklahoma,5,1,1,20%,36.15011,-95.99352,2020-03-19 21:57 EDT
Kay,Oklahoma,2,0,0,0%,36.81800612,-97.14387074,2020-03-19 21:57 EDT
Canadian,Oklahoma,2,0,0,0%,35.54258124,-97.98256476,2020-03-19 21:57 EDT
Jackson,Oklahoma,1,0,0,0%,34.5866254,-99.41604727,2020-03-19 21:57 EDT
Payne,Oklahoma,1,0,0,0%,36.07732714,-96.9757817,2020-03-19 21:57 EDT
Pawnee,Oklahoma,1,0,0,0%,36.31690779,-96.69931207,2020-03-19 21:57 EDT
Custer,Oklahoma,1,1,0,0%,35.63885752200008,-99.00153878599994,2020-03-19 21:57 EDT
Grady,Oklahoma,1,1,0,0%,35.01711841900004,-97.88402352699995,2020-03-19 21:57 EDT
Logan,Oklahoma,1,1,0,0%,35.91931509400007,-97.44331470799996,2020-03-19 21:57 EDT
McClain,Oklahoma,1,1,0,0%,35.00934839700005,-97.44417348999997,2020-03-19 21:57 EDT
Washington,Oklahoma,1,1,0,0%,36.715245855000035,-95.90436643899994,2020-03-19 21:57 EDT
Johnson,Iowa,22,1,0,0%,41.67149574,-91.58805417,2020-03-19 21:57 EDT
Polk,Iowa,6,3,0,0%,41.68541161,-93.57344237,2020-03-19 21:57 EDT
Dallas,Iowa,5,0,0,0%,41.68481683,-94.03976204,2020-03-19 21:57 EDT
Allamakee,Iowa,2,0,0,0%,43.28531816,-91.3847131,2020-03-19 21:57 EDT
Pottawattamie,Iowa,1,0,0,0%,41.33665838,-95.54141965,2020-03-19 21:57 EDT
Carroll,Iowa,1,0,0,0%,42.06585,-94.86793,2020-03-19 21:57 EDT
Harrison,Iowa,1,0,0,0%,41.683014,-95.81552401,2020-03-19 21:57 EDT
Adair,Iowa,1,0,0,0%,41.33074348,-94.47094644,2020-03-19 21:57 EDT
Black Hawk,Iowa,1,0,0,0%,42.4478,-92.3814,2020-03-19 21:57 EDT
Washington,Iowa,1,0,0,0%,41.33558131,-91.71785751,2020-03-19 21:57 EDT
Winneshiek,Iowa,1,0,0,0%,43.29067088,-91.84366779,2020-03-19 21:57 EDT
St. Louis,Missouri,8,3,0,0%,38.62775,-90.19956,2020-03-19 21:57 EDT
Greene,Missouri,6,2,0,0%,37.25804025,-93.34201853,2020-03-19 21:57 EDT
Kansas City,Missouri,6,4,0,0%,39.10344,-94.58311,2020-03-19 21:57 EDT
Jackson,Missouri,3,1,0,0%,39.00756985,-94.34626921,2020-03-19 21:57 EDT
Boone,Missouri,3,2,1,33.3%,38.99174396,-92.30916735,2020-03-19 21:57 EDT
St. Louis City,Missouri,2,0,0,0%,38.63399182,-90.24789799,2020-03-19 21:57 EDT
Cass,Missouri,2,0,0,0%,38.64693149,-94.35479308,2020-03-19 21:57 EDT
Cole,Missouri,2,1,0,0%,38.50476968,-92.28023836,2020-03-19 21:57 EDT
Christian,Missouri,2,2,0,0%,36.9695461,-93.18880105,2020-03-19 21:57 EDT
Henry,Missouri,1,0,0,0%,38.38842154,-93.79668046,2020-03-19 21:57 EDT
St. Charles,Missouri,1,0,0,0%,38.78394,-90.48123,2020-03-19 21:57 EDT
Pulaski,Missouri,1,1,0,0%,37.824631986000036,-92.20758494799999,2020-03-19 21:57 EDT
Johnson,Kansas,16,4,0,0%,38.88377293,-94.82222518,2020-03-19 21:57 EDT
Wyandotte,Kansas,8,4,1,12.5%,39.11407013,-94.76524274,2020-03-19 21:57 EDT
Butler,Kansas,2,1,0,0%,37.78128093,-96.83903083,2020-03-19 21:57 EDT
Leavenworth,Kansas,2,0,0,0%,39.19872397,-95.03852507,2020-03-19 21:57 EDT
Morris,Kansas,2,2,0,0%,38.68744149200006,-96.649758331,2020-03-19 21:57 EDT
Franklin,Kansas,1,0,0,0%,38.56451748,-95.28594053,2020-03-19 21:57 EDT
Douglas,Kansas,1,0,0,0%,38.88462907,-95.29255463,2020-03-19 21:57 EDT
Cherokee,Kansas,1,1,0,0%,37.16926692000004,-94.84626757599995,2020-03-19 21:57 EDT
Jackson,Kansas,1,1,0,0%,39.416802722000064,-95.79367440299995,2020-03-19 21:57 EDT
Linn,Kansas,1,1,0,0%,38.212274609000076,-94.84295890699995,2020-03-19 21:57 EDT
Ford,Kansas,0,0,0,NaN%,37.69171326,-99.88798241,2020-03-19 21:57 EDT
Bernalillo,New Mexico,20,4,0,0%,35.05128463,-106.6703125,2020-03-19 21:57 EDT
Santa Fe,New Mexico,7,2,0,0%,35.69168,-105.93796,2020-03-19 21:57 EDT
Sandoval,New Mexico,4,0,0,0%,35.68878872,-106.8666133,2020-03-19 21:57 EDT
Socorro,New Mexico,2,0,0,0%,34.060140000000004,-106.89187,2020-03-19 21:57 EDT
Taos,New Mexico,1,0,0,0%,36.57785635,-105.6310357,2020-03-19 21:57 EDT
San Miguel,New Mexico,1,1,0,0%,32.15629000000007,-106.73564,2020-03-19 21:57 EDT
New Castle,Delaware,23,6,0,0%,39.65977,-75.56394,2020-03-19 21:57 EDT
Kent,Delaware,4,3,0,0%,39.08881449,-75.56713028,2020-03-19 21:57 EDT
Sussex,Delaware,3,2,0,0%,38.66201719,-75.39879573,2020-03-19 21:57 EDT
Douglas,Nebraska,23,0,0,0%,41.29535164,-96.1553341,2020-03-19 21:57 EDT
Knox,Nebraska,2,0,0,0%,42.63165456,-97.89463638,2020-03-19 21:57 EDT
Cass,Nebraska,1,0,0,0%,40.90975787,-96.14136094,2020-03-19 21:57 EDT
Sarpy,Nebraska,1,0,0,0%,41.11286262,-96.1134336,2020-03-19 21:57 EDT
Lincoln,Nebraska,1,0,0,0%,41.04778534,-100.7451548,2020-03-19 21:57 EDT
Adams,Nebraska,1,0,0,0%,40.52445442,-98.50120204,2020-03-19 21:57 EDT
Honolulu,Hawaii,10,0,0,0%,21.30493,-157.85788,2020-03-19 21:57 EDT
Maui,Hawaii,3,0,0,0%,20.85953512,-156.5646068,2020-03-19 21:57 EDT
Kauai,Hawaii,2,0,0,0%,22.0825024,-159.7275965,2020-03-19 21:57 EDT
Hawaii Island,Hawaii,1,0,0,0%,19.50056,-155.50056,2020-03-19 21:57 EDT
Blaine,Idaho,16,11,0,0%,43.41233465,-113.9798058,2020-03-19 21:57 EDT
Ada,Idaho,3,0,0,0%,43.45105691,-116.2411338,2020-03-19 21:57 EDT
Teton,Idaho,1,0,0,0%,43.75945168,-111.2076444,2020-03-19 21:57 EDT
Madison,Idaho,1,0,0,0%,43.78418564,-111.6591909,2020-03-19 21:57 EDT
Twin Falls,Idaho,1,0,0,0%,42.55619,-114.4696,2020-03-19 21:57 EDT
Chittenden,Vermont,4,0,0,0%,44.45799511,-73.05404973,2020-03-19 21:57 EDT
Bennington,Vermont,3,0,0,0%,42.87672,-73.19818000000002,2020-03-19 21:57 EDT
Windsor,Vermont,3,0,1,33.3%,43.48115,-72.38580999999998,2020-03-19 21:57 EDT
Washington,Vermont,1,0,0,0%,44.27344561,-72.61485925,2020-03-19 21:57 EDT
Orange,Vermont,1,0,0,0%,44.14854,-72.40233,2020-03-19 21:57 EDT
Addison,Vermont,1,0,0,0%,44.028073600000006,-73.13152876,2020-03-19 21:57 EDT
Burleigh,North Dakota,11,9,0,0%,46.97801044,-100.4669442,2020-03-19 21:57 EDT
Morton,North Dakota,4,2,0,0%,46.71678116,-101.2857052,2020-03-19 21:57 EDT
Ward,North Dakota,3,1,0,0%,48.22168092,-101.5418179,2020-03-19 21:57 EDT
Cass,North Dakota,1,0,0,0%,46.93296954,-97.24812121,2020-03-19 21:57 EDT
Fremont,Wyoming,8,0,0,0%,43.04051864,-108.6304974,2020-03-19 21:57 EDT
Sheridan,Wyoming,4,0,0,0%,44.79792,-106.95587,2020-03-19 21:57 EDT
Laramie,Wyoming,4,0,0,0%,41.30696127,-104.6895498,2020-03-19 21:57 EDT
Park,Wyoming,1,0,0,0%,44.52055108,-109.5884635,2020-03-19 21:57 EDT
Teton,Wyoming,1,0,0,0%,43.91885107,-110.5962596,2020-03-19 21:57 EDT
Minnehaha,South Dakota,5,0,0,0%,43.67417757,-96.79142458,2020-03-19 21:57 EDT
Beadle,South Dakota,4,3,0,0%,44.41448462,-98.27810992,2020-03-19 21:57 EDT
Pennington,South Dakota,1,0,1,100%,44.003745,-102.8239008,2020-03-19 21:57 EDT
Charles Mix,South Dakota,1,0,0,0%,43.20747461,-98.57667036,2020-03-19 21:57 EDT
Davison,South Dakota,1,0,0,0%,43.67472829,-98.14595897,2020-03-19 21:57 EDT
Bon Homme,South Dakota,1,0,0,0%,42.99336042,-97.88666966,2020-03-19 21:57 EDT
McCook,South Dakota,1,0,0,0%,43.67430648,-97.3684216,2020-03-19 21:57 EDT
Guam,Guam,12,4,0,0%,13.52808,144.85503,2020-03-19 21:57 EDT
Gallatin,Montana,3,0,0,0%,45.54045182,-111.17041090000002,2020-03-19 21:57 EDT
Missoula,Montana,3,0,0,0%,46.87278,-113.99625,2020-03-19 21:57 EDT
Yellowstone,Montana,2,0,0,0%,45.93711629,-108.2743481,2020-03-19 21:57 EDT
Silver Bow,Montana,1,0,0,0%,45.99544,-112.65661,2020-03-19 21:57 EDT
Broadwater,Montana,1,0,0,0%,46.2694,-111.452,2020-03-19 21:57 EDT
Anchorage,Alaska,4,0,0,0%,61.21753,-149.85825,2020-03-19 21:57 EDT
Fairbanks North Star,Alaska,3,0,0,0%,64.80850665,-146.56348119999996,2020-03-19 21:57 EDT
Ketchikan Gateway,Alaska,1,0,0,0%,55.00186527,-130.54977,2020-03-19 21:57 EDT
Seward,Alaska,1,0,0,0%,60.11235,-149.44294,2020-03-19 21:57 EDT
Puerto Rico,Puerto Rico,5,0,0,0%,18.2226065,-66.46895343,2020-03-19 21:57 EDT
Jefferson,West Virginia,1,0,0,0%,39.30769274,-77.86269441,2020-03-19 21:57 EDT
Mercer,West Virginia,1,0,0,0%,37.40556515,-81.11143231,2020-03-19 21:57 EDT
Unassigned,New York,18,18,4,22.2%,42.165726,-74.948051,2020-03-19 21:57 EDT
Unassigned,Washington,151,0,0,0%,47.400902,-121.490494,2020-03-19 21:57 EDT
Unassigned,New Jersey,108,80,4,3.7%,40.298904,-74.521011,2020-03-19 21:57 EDT
Unassigned,Illinois,6,6,0,0%,40.349457,-88.986137,2020-03-19 21:57 EDT
Unassigned,Louisiana,3,3,0,0%,31.169546,-91.867805,2020-03-19 21:57 EDT
Unassigned,Michigan,10,10,0,0%,43.326617999999996,-84.53609499999999,2020-03-19 21:57 EDT
Unassigned,Massachusetts,13,9,0,0%,42.230171,-71.530106,2020-03-19 21:57 EDT
Unassigned,Texas,3,3,0,0%,31.054486999999998,-97.563461,2020-03-19 21:57 EDT
Unassigned,Georgia,5,5,7,140%,33.040619,-83.643074,2020-03-19 21:57 EDT
Unassigned,Colorado,57,54,0,0%,39.059810999999996,-105.311104,2020-03-19 21:57 EDT
Unassigned,Pennsylvania,0,0,0,NaN%,40.590752,-77.209755,2020-03-19 21:57 EDT
Unassigned,Connecticut,2,2,0,0%,41.597782,-72.755371,2020-03-19 21:57 EDT
Unassigned,Tennessee,21,21,0,0%,35.747845,-86.69234499999999,2020-03-19 21:57 EDT
Unassigned,Virginia,1,1,0,0%,37.769337,-78.16996800000001,2020-03-19 21:57 EDT
Unassigned,Nevada,11,11,0,0%,38.313515,-117.055374,2020-03-19 21:57 EDT
Unassigned,Arkansas,58,25,0,0%,34.969704,-92.37312299999999,2020-03-19 21:57 EDT
Unassigned,Maine,13,6,0,0%,44.693946999999994,-69.381927,2020-03-19 21:57 EDT
Unassigned,Kentucky,19,13,0,0%,37.66814,-84.670067,2020-03-19 21:57 EDT
Unassigned,New Hampshire,5,5,0,0%,43.452492,-71.563896,2020-03-19 21:57 EDT
Unassigned,Missouri,2,1,0,0%,38.456084999999995,-92.288368,2020-03-19 21:57 EDT
Unassigned,Hawaii,10,10,0,0%,21.094317999999998,-157.49833700000002,2020-03-19 21:57 EDT
Unassigned,Vermont,9,3,1,11.1%,44.045876,-72.710686,2020-03-19 21:57 EDT
Unassigned,Montana,1,0,0,0%,46.921925,-110.454353,2020-03-19 21:57 EDT
Unassigned,US Virgin Islands,3,1,0,0%,17.752625,-64.73541999999999,2020-03-19 21:57 EDT
Lamar,Texas,1,1,0,0%,33.66742105700007,-95.57087079299998,2020-03-19 21:57 EDT
Rock,Wisconsin,1,1,0,0%,42.67120760500006,-89.07156318399996,2020-03-19 21:57 EDT
Fayette,Tennessee,1,1,0,0%,35.19698469700006,-89.41432942199998,2020-03-19 21:57 EDT
Muscatine,Iowa,1,1,0,0%,41.48475597500004,-91.11492979699995,2020-03-19 21:57 EDT
Dubuque,Iowa,1,1,0,0%,42.46775473200006,-90.88529554699994,2020-03-19 21:57 EDT
Kootenai,Idaho,1,1,0,0%,47.677587276000054,-116.69713192799998,2020-03-19 21:57 EDT
Tucker,West Virginia,2,2,0,0%,39.11355082500006,-79.56492128999997,2020-03-19 21:57 EDT
