County_Name,State_Name,Confirmed,New,Death,New_Death,Fatality_Rate,Latitude,Longitude,Last_Update
New York,New York,8115,2432,60,17,0.0073937,40.7145500,-74.0071400,2020-03-22 00:28 EDT
Westchester,New York,1387,296,0,0,0.0000000,41.1631976,-73.7560629,2020-03-22 00:28 EDT
Nassau,New York,1234,480,4,0,0.0032415,40.7416523,-73.5889962,2020-03-22 00:28 EDT
Suffolk,New York,662,203,9,2,0.0135952,40.8773281,-72.8589804,2020-03-22 00:28 EDT
Rockland,New York,262,161,1,0,0.0038168,41.1523740,-74.0240103,2020-03-22 00:28 EDT
Orange,New York,163,79,0,0,0.0000000,41.4020682,-74.3055957,2020-03-22 00:28 EDT
Albany,New York,88,18,0,0,0.0000000,42.6515500,-73.7552100,2020-03-22 00:28 EDT
Erie,New York,56,9,0,0,0.0000000,42.7638212,-78.7322497,2020-03-22 00:28 EDT
Dutchess,New York,49,13,0,0,0.0000000,41.7647751,-73.7428168,2020-03-22 00:28 EDT
Monroe,New York,46,10,1,0,0.0217391,43.1460428,-77.6967491,2020-03-22 00:28 EDT
Saratoga,New York,35,14,0,0,0.0000000,43.0697400,-73.6366100,2020-03-22 00:28 EDT
Onondaga,New York,34,21,0,0,0.0000000,43.0048700,-76.1836000,2020-03-22 00:28 EDT
Schenectady,New York,32,18,0,0,0.0000000,42.8123800,-73.9412200,2020-03-22 00:28 EDT
Putnam,New York,31,19,0,0,0.0000000,41.4265345,-73.7494999,2020-03-22 00:28 EDT
Rensselaer,New York,20,12,0,0,0.0000000,42.7108626,-73.5097379,2020-03-22 00:28 EDT
Ulster,New York,18,9,0,0,0.0000000,41.9598600,-73.9903300,2020-03-22 00:28 EDT
Tompkins,New York,12,1,0,0,0.0000000,42.4493350,-76.4706436,2020-03-22 00:28 EDT
Sullivan,New York,12,11,0,0,0.0000000,41.7163135,-74.7681108,2020-03-22 00:28 EDT
Niagara,New York,9,5,0,0,0.0000000,43.1999815,-78.7452226,2020-03-22 00:28 EDT
Columbia,New York,7,4,0,0,0.0000000,42.2500108,-73.6318613,2020-03-22 00:28 EDT
Oneida,New York,4,2,0,0,0.0000000,43.2430650,-75.4258360,2020-03-22 00:28 EDT
Ontario,New York,4,3,0,0,0.0000000,42.8528894,-77.2998110,2020-03-22 00:28 EDT
Clinton,New York,4,1,0,0,0.0000000,44.7904000,-73.6006000,2020-03-22 00:28 EDT
Herkimer,New York,3,2,0,0,0.0000000,43.0259000,-74.9843300,2020-03-22 00:28 EDT
Broome,New York,3,2,1,1,0.3333333,42.1602180,-75.8196459,2020-03-22 00:28 EDT
Montgomery,New York,3,1,0,0,0.0000000,42.9022918,-74.4396009,2020-03-22 00:28 EDT
Wayne,New York,3,2,0,0,0.0000000,42.4741310,-77.0981600,2020-03-22 00:28 EDT
Greene,New York,2,0,0,0,0.0000000,42.2765457,-74.1226159,2020-03-22 00:28 EDT
Allegany,New York,2,0,0,0,0.0000000,42.2573979,-78.0275544,2020-03-22 00:28 EDT
Essex,New York,2,1,0,0,0.0000000,44.1075570,-73.7912585,2020-03-22 00:28 EDT
Wyoming,New York,2,0,0,0,0.0000000,42.7024266,-78.2244326,2020-03-22 00:28 EDT
Hamilton,New York,2,1,0,0,0.0000000,43.6613037,-74.4973357,2020-03-22 00:28 EDT
Chenango,New York,2,1,0,0,0.0000000,42.4934944,-75.6115371,2020-03-22 00:28 EDT
Steuben,New York,2,0,0,0,0.0000000,42.2678268,-77.3838260,2020-03-22 00:28 EDT
Livingston,New York,2,2,0,0,0.0000000,42.7280835,-77.7754386,2020-03-22 00:28 EDT
Delaware,New York,1,0,0,0,0.0000000,42.1980433,-74.9663520,2020-03-22 00:28 EDT
Tioga,New York,1,0,0,0,0.0000000,42.0605700,-76.3451900,2020-03-22 00:28 EDT
Genesee,New York,1,0,0,0,0.0000000,43.0009402,-78.1936949,2020-03-22 00:28 EDT
Warren,New York,1,0,0,0,0.0000000,43.5592099,-73.8588116,2020-03-22 00:28 EDT
Washington,New York,1,0,0,0,0.0000000,43.3122711,-73.4309623,2020-03-22 00:28 EDT
Schoharie,New York,1,-1,0,0,0.0000000,42.5882075,-74.4421359,2020-03-22 00:28 EDT
Fulton,New York,1,1,0,0,0.0000000,43.1124027,-74.4351628,2020-03-22 00:28 EDT
Jefferson,New York,1,1,0,0,0.0000000,44.0410342,-75.9122553,2020-03-22 00:28 EDT
King,Washington,934,141,74,7,0.0792291,47.4901181,-121.8043324,2020-03-22 00:28 EDT
Snohomish,Washington,447,62,10,2,0.0223714,47.9124000,-122.0930600,2020-03-22 00:28 EDT
Pierce,Washington,95,12,1,0,0.0105263,47.0227081,-122.1014408,2020-03-22 00:28 EDT
Skagit,Washington,28,3,0,0,0.0000000,48.4793302,-121.7280802,2020-03-22 00:28 EDT
Island,Washington,19,0,1,0,0.0526316,48.1916094,-122.6650075,2020-03-22 00:28 EDT
Spokane,Washington,16,5,0,0,0.0000000,47.6572600,-117.4122800,2020-03-22 00:28 EDT
Kitsap,Washington,15,3,0,0,0.0000000,47.4749622,-122.6085325,2020-03-22 00:28 EDT
Whatcom,Washington,14,4,2,1,0.1428571,48.8255970,-121.7174182,2020-03-22 00:28 EDT
Yakima,Washington,13,3,0,0,0.0000000,46.6044800,-120.5072100,2020-03-22 00:28 EDT
Grant,Washington,11,3,1,0,0.0909091,47.1988579,-119.4525987,2020-03-22 00:28 EDT
Clark,Washington,9,3,3,0,0.3333333,45.7818733,-122.4812785,2020-03-22 00:28 EDT
Thurston,Washington,9,1,0,0,0.0000000,46.9198058,-122.8298691,2020-03-22 00:28 EDT
Benton,Washington,7,4,2,1,0.2857143,46.2447027,-119.5147801,2020-03-22 00:28 EDT
Jefferson,Washington,4,0,0,0,0.0000000,47.7481061,-123.6000095,2020-03-22 00:28 EDT
Kittitas,Washington,4,0,0,0,0.0000000,46.9847200,-120.4175200,2020-03-22 00:28 EDT
Klickitat,Washington,4,2,0,0,0.0000000,45.8764091,-120.7920397,2020-03-22 00:28 EDT
Chelan,Washington,3,1,0,0,0.0000000,47.8670717,-120.6252677,2020-03-22 00:28 EDT
Cowlitz,Washington,2,1,0,0,0.0000000,46.1945405,-122.6783272,2020-03-22 00:28 EDT
Lewis,Washington,2,1,0,0,0.0000000,46.5777949,-122.3929158,2020-03-22 00:28 EDT
Franklin,Washington,2,0,0,0,0.0000000,38.5537800,-91.0009200,2020-03-22 00:28 EDT
Clallam,Washington,2,1,0,0,0.0000000,48.0493204,-123.9326675,2020-03-22 00:28 EDT
Grays Harbor,Washington,1,0,0,0,0.0000000,47.1505523,-123.7737432,2020-03-22 00:28 EDT
Columbia,Washington,1,0,0,0,0.0000000,46.2975768,-117.9078634,2020-03-22 00:28 EDT
Lincoln,Washington,1,0,0,0,0.0000000,47.5730506,-118.4177041,2020-03-22 00:28 EDT
Mason,Washington,1,0,0,0,0.0000000,38.6150400,-83.8098800,2020-03-22 00:28 EDT
Los Angeles,California,351,59,4,2,0.0113960,34.0534900,-118.2453200,2020-03-22 00:28 EDT
Santa Clara,California,263,67,8,0,0.0304183,37.3557900,-121.9550900,2020-03-22 00:28 EDT
San Diego,California,155,28,0,0,0.0000000,32.7156800,-117.1617100,2020-03-22 00:28 EDT
San Mateo,California,110,10,1,0,0.0090909,37.5470400,-122.3148500,2020-03-22 00:28 EDT
San Francisco,California,84,8,0,0,0.0000000,37.7771200,-122.4196400,2020-03-22 00:28 EDT
Orange,California,78,13,0,0,0.0000000,33.7878700,-117.8507100,2020-03-22 00:28 EDT
Alameda,California,68,20,0,0,0.0000000,37.7668300,-122.2453000,2020-03-22 00:28 EDT
Sacramento,California,53,0,3,0,0.0566038,38.5794400,-121.4908500,2020-03-22 00:28 EDT
Contra Costa,California,51,5,1,0,0.0196078,37.9179373,-121.9259354,2020-03-22 00:28 EDT
Marin,California,38,0,0,0,0.0000000,38.0718873,-122.7195348,2020-03-22 00:28 EDT
San Joaquin,California,31,6,2,0,0.0645161,37.9347956,-121.2713112,2020-03-22 00:28 EDT
Riverside,California,30,2,5,1,0.1666667,33.9817100,-117.3740400,2020-03-22 00:28 EDT
Ventura,California,25,6,0,0,0.0000000,34.2808200,-119.2923200,2020-03-22 00:28 EDT
Sonoma,California,22,13,1,0,0.0454545,38.2918800,-122.4572800,2020-03-22 00:28 EDT
San Luis Obispo,California,21,5,0,0,0.0000000,35.2857900,-120.6627500,2020-03-22 00:28 EDT
Santa Cruz,California,15,0,0,0,0.0000000,36.9742400,-122.0309800,2020-03-22 00:28 EDT
Solano,California,13,0,0,0,0.0000000,38.2779336,-121.9272405,2020-03-22 00:28 EDT
Placer,California,12,3,1,0,0.0833333,39.0591356,-120.7536328,2020-03-22 00:28 EDT
Tulare,California,12,5,0,0,0.0000000,36.2064900,-119.3430500,2020-03-22 00:28 EDT
Monterey,California,11,6,1,1,0.0909091,36.2171460,-121.2390196,2020-03-22 00:28 EDT
San Bernardino,California,10,1,0,0,0.0000000,34.1052400,-117.2941200,2020-03-22 00:28 EDT
Santa Barbara,California,9,0,0,0,0.0000000,34.4193800,-119.6990500,2020-03-22 00:28 EDT
Yolo,California,6,1,0,0,0.0000000,38.7343100,-121.8127900,2020-03-22 00:28 EDT
Fresno,California,6,0,0,0,0.0000000,36.7408400,-119.7855200,2020-03-22 00:28 EDT
San Benito,California,5,0,1,0,0.2000000,36.5050600,-121.0833200,2020-03-22 00:28 EDT
Stanislaus,California,5,0,0,0,0.0000000,37.5593262,-120.9976619,2020-03-22 00:28 EDT
Kern,California,5,1,0,0,0.0000000,35.3428164,-118.7299395,2020-03-22 00:28 EDT
Imperial,California,4,0,0,0,0.0000000,32.8474800,-115.5695200,2020-03-22 00:28 EDT
Madera,California,3,0,0,0,0.0000000,36.9620500,-120.0639900,2020-03-22 00:28 EDT
Humboldt,California,2,1,0,0,0.0000000,40.6987980,-123.8737147,2020-03-22 00:28 EDT
Calaveras,California,2,0,0,0,0.0000000,38.2047357,-120.5540655,2020-03-22 00:28 EDT
Shasta,California,1,0,0,0,0.0000000,40.5982800,-122.4909500,2020-03-22 00:28 EDT
Nevada,California,1,0,0,0,0.0000000,39.2616000,-121.0161000,2020-03-22 00:28 EDT
Mendocino,California,1,0,0,0,0.0000000,39.4402406,-123.3912784,2020-03-22 00:28 EDT
Amador,California,1,1,0,0,0.0000000,38.4460653,-120.6517550,2020-03-22 00:28 EDT
Mono,California,1,1,0,0,0.0000000,37.9374978,-118.8838882,2020-03-22 00:28 EDT
Bergen,New Jersey,363,114,6,4,0.0165289,40.9594915,-74.0744420,2020-03-22 00:28 EDT
Middlesex,New Jersey,116,40,0,0,0.0000000,40.5793600,-74.5006700,2020-03-22 00:28 EDT
Essex,New Jersey,107,34,4,3,0.0373832,40.7877926,-74.2476006,2020-03-22 00:28 EDT
Hudson,New Jersey,97,31,1,0,0.0103093,40.7403423,-74.0741097,2020-03-22 00:28 EDT
Monmouth,New Jersey,92,39,3,2,0.0326087,40.2600411,-74.2219463,2020-03-22 00:28 EDT
Union,New Jersey,81,38,0,0,0.0000000,40.6963500,-74.2695700,2020-03-22 00:28 EDT
Passaic,New Jersey,67,18,0,0,0.0000000,40.8603400,-74.1237400,2020-03-22 00:28 EDT
Morris,New Jersey,64,29,1,1,0.0156250,40.8620190,-74.5442741,2020-03-22 00:28 EDT
Ocean,New Jersey,62,13,1,1,0.0161290,39.9092743,-74.2969653,2020-03-22 00:28 EDT
Somerset,New Jersey,34,6,0,0,0.0000000,40.4985900,-74.5224900,2020-03-22 00:28 EDT
Mercer,New Jersey,30,8,0,0,0.0000000,40.2833191,-74.7015737,2020-03-22 00:28 EDT
Burlington,New Jersey,21,4,0,0,0.0000000,40.0768700,-74.8577500,2020-03-22 00:28 EDT
Camden,New Jersey,15,4,0,0,0.0000000,39.9452500,-75.1191300,2020-03-22 00:28 EDT
Hunterdon,New Jersey,14,3,0,0,0.0000000,40.5672532,-74.9121792,2020-03-22 00:28 EDT
Gloucester,New Jersey,6,1,0,0,0.0000000,39.7172011,-75.1416437,2020-03-22 00:28 EDT
Sussex,New Jersey,6,3,0,0,0.0000000,41.1393450,-74.6906776,2020-03-22 00:28 EDT
Warren,New Jersey,5,2,0,0,0.0000000,40.8573236,-74.9970630,2020-03-22 00:28 EDT
Atlantic,New Jersey,4,1,0,0,0.0000000,39.4806564,-74.6726431,2020-03-22 00:28 EDT
Cape May,New Jersey,2,1,0,0,0.0000000,38.9354700,-74.9213700,2020-03-22 00:28 EDT
Cumberland,New Jersey,1,0,0,0,0.0000000,39.3731149,-75.1106192,2020-03-22 00:28 EDT
Detroit City,Michigan,248,99,3,1,0.0120968,42.3830900,-83.1021500,2020-03-22 00:28 EDT
Oakland,Michigan,229,45,2,2,0.0087336,42.7421400,-83.1617400,2020-03-22 00:28 EDT
Macomb,Michigan,121,35,1,1,0.0082645,42.6956500,-82.9217100,2020-03-22 00:28 EDT
Wayne,Michigan,101,34,1,0,0.0099010,42.2851500,-83.3836000,2020-03-22 00:28 EDT
Washtenaw,Michigan,29,13,0,0,0.0000000,42.2532294,-83.8387763,2020-03-22 00:28 EDT
Kent,Michigan,21,9,1,1,0.0476190,43.0321620,-85.5492982,2020-03-22 00:28 EDT
Ingham,Michigan,11,4,0,0,0.0000000,42.5970924,-84.3735342,2020-03-22 00:28 EDT
St. Clair,Michigan,7,0,0,0,0.0000000,42.8318900,-82.5022100,2020-03-22 00:28 EDT
Genesee,Michigan,7,3,0,0,0.0000000,43.0217016,-83.7067548,2020-03-22 00:28 EDT
Livingston,Michigan,6,3,0,0,0.0000000,42.6029182,-83.9115240,2020-03-22 00:28 EDT
Monroe,Michigan,3,0,0,0,0.0000000,41.9160600,-83.3979000,2020-03-22 00:28 EDT
Midland,Michigan,3,0,0,0,0.0000000,43.6468649,-84.3881103,2020-03-22 00:28 EDT
Ottawa,Michigan,2,1,0,0,0.0000000,42.9607123,-85.9951657,2020-03-22 00:28 EDT
Clinton,Michigan,2,1,0,0,0.0000000,42.9436543,-84.6015142,2020-03-22 00:28 EDT
Eaton,Michigan,2,0,0,0,0.0000000,42.5960749,-84.8383207,2020-03-22 00:28 EDT
Montcalm,Michigan,1,0,0,0,0.0000000,43.3109547,-85.1525018,2020-03-22 00:28 EDT
Bay,Michigan,1,0,0,0,0.0000000,43.7073289,-83.9920371,2020-03-22 00:28 EDT
Charlevoix,Michigan,1,0,0,0,0.0000000,45.3165300,-85.2607200,2020-03-22 00:28 EDT
Leelanau,Michigan,1,0,0,0,0.0000000,44.9384907,-85.8118234,2020-03-22 00:28 EDT
Otsego,Michigan,1,0,0,0,0.0000000,45.0992000,-84.6482000,2020-03-22 00:28 EDT
Jackson,Michigan,1,0,0,0,0.0000000,42.2484824,-84.4234498,2020-03-22 00:28 EDT
Out of State,Michigan,1,0,0,0,0.0000000,42.8978860,-86.2110453,2020-03-22 00:28 EDT
Barry,Michigan,1,1,0,0,0.0000000,42.5950210,-85.3089725,2020-03-22 00:28 EDT
Wexford,Michigan,1,1,0,0,0.0000000,44.3383618,-85.5783822,2020-03-22 00:28 EDT
Miami-Dade,Florida,169,169,0,0,0.0000000,25.6141821,-80.5679083,2020-03-22 00:28 EDT
Broward,Florida,164,36,3,2,0.0182927,26.1522454,-80.4870534,2020-03-22 00:28 EDT
Palm Beach,Florida,56,14,0,0,0.0000000,26.7028800,-80.0366100,2020-03-22 00:28 EDT
Hillsborough,Florida,47,15,0,0,0.0000000,27.9302310,-82.3078553,2020-03-22 00:28 EDT
Pinellas,Florida,29,7,0,0,0.0000000,27.9313392,-82.7219403,2020-03-22 00:28 EDT
Orange,Florida,29,6,2,0,0.0689655,30.2440110,-85.0073470,2020-03-22 00:28 EDT
Collier,Florida,28,3,0,0,0.0000000,26.1162556,-81.3401333,2020-03-22 00:28 EDT
Alachua,Florida,25,10,0,0,0.0000000,29.7930900,-82.4942800,2020-03-22 00:28 EDT
Duval,Florida,25,8,1,1,0.0400000,30.4784400,-81.6255700,2020-03-22 00:28 EDT
Osceola,Florida,21,8,0,0,0.0000000,28.0681258,-81.1451965,2020-03-22 00:28 EDT
Lee,Florida,17,3,2,1,0.1176471,26.5796516,-81.8246853,2020-03-22 00:28 EDT
Sarasota,Florida,14,6,0,0,0.0000000,27.3388900,-82.5388700,2020-03-22 00:28 EDT
Manatee,Florida,13,3,1,0,0.0769231,27.4964300,-82.5395400,2020-03-22 00:28 EDT
Okaloosa,Florida,12,5,0,0,0.0000000,30.7070235,-86.5965082,2020-03-22 00:28 EDT
Seminole,Florida,12,2,0,0,0.0000000,28.7170014,-81.2363226,2020-03-22 00:28 EDT
Volusia,Florida,11,1,0,0,0.0000000,29.1693400,-81.5225100,2020-03-22 00:28 EDT
Polk,Florida,10,1,0,0,0.0000000,27.9488782,-81.6977601,2020-03-22 00:28 EDT
St. Johns,Florida,9,2,0,0,0.0000000,30.1205100,-81.6253600,2020-03-22 00:28 EDT
Pasco,Florida,8,1,1,1,0.1250000,28.3245300,-82.3362400,2020-03-22 00:28 EDT
Citrus,Florida,8,5,0,0,0.0000000,28.8507789,-82.4659487,2020-03-22 00:28 EDT
Clay,Florida,6,2,1,-1,0.1666667,29.9830552,-81.8577821,2020-03-22 00:28 EDT
Hernando,Florida,6,2,0,0,0.0000000,28.5525038,-82.4193900,2020-03-22 00:28 EDT
Brevard,Florida,5,1,0,0,0.0000000,28.2934842,-80.7323563,2020-03-22 00:28 EDT
Indian River,Florida,5,2,0,0,0.0000000,27.6943965,-80.6061299,2020-03-22 00:28 EDT
Leon,Florida,4,0,1,0,0.2500000,30.4579680,-84.2779436,2020-03-22 00:28 EDT
Lake,Florida,4,1,0,0,0.0000000,28.7626197,-81.7115535,2020-03-22 00:28 EDT
Walton,Florida,4,1,0,0,0.0000000,30.6593960,-86.1626806,2020-03-22 00:28 EDT
Sumter,Florida,4,2,0,0,0.0000000,28.7047445,-82.0809939,2020-03-22 00:28 EDT
Santa Rosa,Florida,3,0,1,0,0.3333333,30.7314761,-87.0176139,2020-03-22 00:28 EDT
Charlotte,Florida,2,0,0,0,0.0000000,26.9084833,-81.9034392,2020-03-22 00:28 EDT
Marion,Florida,2,2,0,0,0.0000000,29.2101870,-82.0566251,2020-03-22 00:28 EDT
Gadsden,Florida,1,0,0,0,0.0000000,30.5794849,-84.6135174,2020-03-22 00:28 EDT
Nassau,Florida,1,0,0,0,0.0000000,30.6107767,-81.8017400,2020-03-22 00:28 EDT
Escambia,Florida,1,0,0,0,0.0000000,30.7004848,-87.3772215,2020-03-22 00:28 EDT
Jackson,Florida,1,0,0,0,0.0000000,30.7957297,-85.2183496,2020-03-22 00:28 EDT
Martin,Florida,1,0,0,0,0.0000000,27.0880973,-80.3831733,2020-03-22 00:28 EDT
Monroe,Florida,1,0,0,0,0.0000000,39.4921700,-91.7873800,2020-03-22 00:28 EDT
Baker,Florida,1,1,0,0,0.0000000,30.3310297,-82.2845975,2020-03-22 00:28 EDT
Bay,Florida,1,1,0,0,0.0000000,30.2787415,-85.6154798,2020-03-22 00:28 EDT
Putnam,Florida,1,1,0,0,0.0000000,29.6112995,-81.7455407,2020-03-22 00:28 EDT
St. Lucie,Florida,1,1,0,0,0.0000000,27.4894800,-80.3397700,2020-03-22 00:28 EDT
Orleans,Louisiana,418,92,15,5,0.0358852,30.0384318,-89.9005515,2020-03-22 00:28 EDT
Jefferson,Louisiana,166,62,3,1,0.0180723,29.9596000,-90.1718200,2020-03-22 00:28 EDT
St. Tammany,Louisiana,22,10,0,0,0.0000000,30.3940800,-89.8950700,2020-03-22 00:28 EDT
East Baton Rouge,Louisiana,18,11,0,0,0.0000000,30.5392654,-91.0921701,2020-03-22 00:28 EDT
Caddo,Louisiana,15,3,0,0,0.0000000,32.7563200,-93.9737400,2020-03-22 00:28 EDT
St. Bernard,Louisiana,12,7,0,0,0.0000000,29.8671500,-89.8586800,2020-03-22 00:28 EDT
Ascension,Louisiana,12,9,0,0,0.0000000,30.2054934,-90.9088583,2020-03-22 00:28 EDT
Lafourche,Louisiana,11,6,0,0,0.0000000,29.7652900,-90.7688100,2020-03-22 00:28 EDT
Terrebonne,Louisiana,11,4,0,0,0.0000000,29.4300667,-90.8754618,2020-03-22 00:28 EDT
St. John the Baptist,Louisiana,9,3,0,0,0.0000000,30.0786650,-90.5454132,2020-03-22 00:28 EDT
St. Charles,Louisiana,7,0,0,0,0.0000000,29.9052798,-90.3824403,2020-03-22 00:28 EDT
Lafayette,Louisiana,6,0,0,0,0.0000000,30.2067882,-92.0638937,2020-03-22 00:28 EDT
Bossier,Louisiana,5,0,0,0,0.0000000,32.6788619,-93.6053107,2020-03-22 00:28 EDT
Plaquemines,Louisiana,4,3,0,0,0.0000000,29.4832751,-89.6525564,2020-03-22 00:28 EDT
Calcasieu,Louisiana,4,1,0,0,0.0000000,30.2296992,-93.3579989,2020-03-22 00:28 EDT
West Baton Rouge,Louisiana,3,0,0,0,0.0000000,30.4501900,-91.2051100,2020-03-22 00:28 EDT
St. Landry,Louisiana,3,1,0,0,0.0000000,30.8443600,-92.2579000,2020-03-22 00:28 EDT
Tangipahoa,Louisiana,3,2,0,0,0.0000000,30.6454574,-90.4117734,2020-03-22 00:28 EDT
Washington,Louisiana,2,0,0,0,0.0000000,30.8533922,-90.0405045,2020-03-22 00:28 EDT
Iberia,Louisiana,2,0,0,0,0.0000000,29.8980112,-91.7295430,2020-03-22 00:28 EDT
Iberville,Louisiana,2,1,0,0,0.0000000,30.2586118,-91.3539961,2020-03-22 00:28 EDT
Livingston,Louisiana,2,1,0,0,0.0000000,30.4502388,-90.7391483,2020-03-22 00:28 EDT
Rapides,Louisiana,2,-1,0,0,0.0000000,31.1984392,-92.5330860,2020-03-22 00:28 EDT
De Soto,Louisiana,2,0,0,0,0.0000000,32.0563183,-93.7364113,2020-03-22 00:28 EDT
Evangeline,Louisiana,2,2,0,0,0.0000000,30.7289500,-92.4058850,2020-03-22 00:28 EDT
St. James,Louisiana,1,0,1,0,1.0000000,30.4182500,-91.0934400,2020-03-22 00:28 EDT
Assumption,Louisiana,1,0,0,0,0.0000000,29.9008158,-91.0625918,2020-03-22 00:28 EDT
Webster,Louisiana,1,0,0,0,0.0000000,32.7135902,-93.3350925,2020-03-22 00:28 EDT
Catahoula,Louisiana,1,0,1,0,1.0000000,31.6663551,-91.8468593,2020-03-22 00:28 EDT
Acadia,Louisiana,0,0,0,0,,30.2905087,-92.4119770,2020-03-22 00:28 EDT
Cook,Illinois,548,137,3,0,0.0054745,41.8401493,-87.8168232,2020-03-22 00:28 EDT
DuPage,Illinois,65,8,0,0,0.0000000,41.8519405,-88.0856113,2020-03-22 00:28 EDT
Lake,Illinois,63,10,0,0,0.0000000,42.3232765,-88.0035345,2020-03-22 00:28 EDT
Will,Illinois,12,2,1,0,0.0833333,41.4450565,-87.9786523,2020-03-22 00:28 EDT
McHenry,Illinois,11,3,0,0,0.0000000,42.3262100,-88.2673100,2020-03-22 00:28 EDT
Kane,Illinois,8,0,0,0,0.0000000,41.9388756,-88.4286393,2020-03-22 00:28 EDT
McLean,Illinois,6,2,0,0,0.0000000,40.4908761,-88.8473152,2020-03-22 00:28 EDT
Sangamon,Illinois,4,0,1,0,0.2500000,39.7581579,-89.6588874,2020-03-22 00:28 EDT
Winnebago,Illinois,4,2,0,0,0.0000000,42.2656800,-89.2413900,2020-03-22 00:28 EDT
St. Clair,Illinois,3,0,0,0,0.0000000,38.4699647,-89.9274997,2020-03-22 00:28 EDT
Champaign,Illinois,3,2,0,0,0.0000000,40.1142000,-88.2435000,2020-03-22 00:28 EDT
Clinton,Illinois,3,0,0,0,0.0000000,40.1536000,-88.9645000,2020-03-22 00:28 EDT
Peoria,Illinois,3,0,0,0,0.0000000,40.6923600,-89.5879900,2020-03-22 00:28 EDT
Woodford,Illinois,2,0,0,0,0.0000000,40.8443700,-89.0278100,2020-03-22 00:28 EDT
Madison,Illinois,2,1,0,0,0.0000000,38.8300622,-89.9017802,2020-03-22 00:28 EDT
Kendall,Illinois,2,0,0,0,0.0000000,41.5905879,-88.4288057,2020-03-22 00:28 EDT
Kankakee,Illinois,2,1,0,0,0.0000000,41.1377142,-87.8618176,2020-03-22 00:28 EDT
Cumberland,Illinois,1,0,0,0,0.0000000,39.2733283,-88.2401682,2020-03-22 00:28 EDT
Whiteside,Illinois,1,0,0,0,0.0000000,41.7553349,-89.9123168,2020-03-22 00:28 EDT
Jackson,Illinois,1,0,0,0,0.0000000,37.7854950,-89.3810388,2020-03-22 00:28 EDT
Williamson,Illinois,1,0,0,0,0.0000000,37.7301681,-88.9299091,2020-03-22 00:28 EDT
LaSalle,Illinois,1,0,0,0,0.0000000,41.3440074,-88.8859464,2020-03-22 00:28 EDT
Washington,Illinois,1,0,0,0,0.0000000,38.3522539,-89.4104915,2020-03-22 00:28 EDT
Adams,Illinois,1,0,0,0,0.0000000,39.9877960,-91.1844843,2020-03-22 00:28 EDT
Christian,Illinois,1,0,0,0,0.0000000,39.5457761,-89.2772510,2020-03-22 00:28 EDT
Dallas,Texas,95,21,1,0,0.0105263,32.7782200,-96.7951200,2020-03-22 00:28 EDT
Harris,Texas,68,68,1,1,0.0147059,29.8576280,-95.3931114,2020-03-22 00:28 EDT
Travis,Texas,62,4,0,0,0.0000000,30.3346227,-97.7821898,2020-03-22 00:28 EDT
Tarrant,Texas,42,13,1,0,0.0238095,32.8173000,-97.0765500,2020-03-22 00:28 EDT
Bexar,Texas,39,10,0,0,0.0000000,29.4489207,-98.5200077,2020-03-22 00:28 EDT
Collin,Texas,31,4,1,0,0.0322581,33.1968000,-96.8039300,2020-03-22 00:28 EDT
Fort Bend,Texas,29,5,0,0,0.0000000,29.5274525,-95.7706508,2020-03-22 00:28 EDT
Denton,Texas,24,9,0,0,0.0000000,33.2165900,-97.1316200,2020-03-22 00:28 EDT
McLennan,Texas,16,3,0,0,0.0000000,31.5523403,-97.2018059,2020-03-22 00:28 EDT
Brazoria,Texas,14,4,0,0,0.0000000,29.0497100,-95.5620000,2020-03-22 00:28 EDT
Montgomery,Texas,13,3,0,0,0.0000000,30.3886200,-95.6963300,2020-03-22 00:28 EDT
Smith,Texas,10,5,0,0,0.0000000,32.3750560,-95.2691026,2020-03-22 00:28 EDT
Brazos,Texas,10,4,0,0,0.0000000,30.6604858,-96.3020730,2020-03-22 00:28 EDT
Lubbock,Texas,9,7,0,0,0.0000000,33.6101930,-101.8204416,2020-03-22 00:28 EDT
Williamson,Texas,9,1,0,0,0.0000000,30.6480676,-97.6007721,2020-03-22 00:28 EDT
Bell,Texas,8,1,0,0,0.0000000,31.0376588,-97.4780738,2020-03-22 00:28 EDT
Galveston,Texas,8,2,0,0,0.0000000,29.2953200,-94.8079100,2020-03-22 00:28 EDT
El Paso,Texas,7,1,0,0,0.0000000,31.7591600,-106.4874900,2020-03-22 00:28 EDT
Hays,Texas,6,0,0,0,0.0000000,30.1227000,-97.8722000,2020-03-22 00:28 EDT
Cameron,Texas,6,5,0,0,0.0000000,26.1359746,-97.5242397,2020-03-22 00:28 EDT
Wichita,Texas,4,0,0,0,0.0000000,33.9841016,-98.7016946,2020-03-22 00:28 EDT
Matagorda,Texas,3,0,1,0,0.3333333,28.6912300,-95.9675500,2020-03-22 00:28 EDT
Ellis,Texas,3,2,0,0,0.0000000,32.3483929,-96.7946042,2020-03-22 00:28 EDT
Hockley,Texas,3,2,0,0,0.0000000,33.6074828,-102.3430332,2020-03-22 00:28 EDT
Johnson,Texas,2,0,0,0,0.0000000,32.3789903,-97.3664118,2020-03-22 00:28 EDT
Comal,Texas,2,0,0,0,0.0000000,29.8081844,-98.2781952,2020-03-22 00:28 EDT
Grimes,Texas,2,1,0,0,0.0000000,30.5436558,-95.9853018,2020-03-22 00:28 EDT
Jefferson,Texas,2,1,0,0,0.0000000,29.8836640,-94.1692275,2020-03-22 00:28 EDT
Brown,Texas,2,0,0,0,0.0000000,31.7742749,-98.9998503,2020-03-22 00:28 EDT
Randall,Texas,2,0,0,0,0.0000000,34.9659646,-101.8968880,2020-03-22 00:28 EDT
Castro,Texas,2,1,0,0,0.0000000,34.5299946,-102.2616703,2020-03-22 00:28 EDT
Gregg,Texas,1,0,0,0,0.0000000,32.4806246,-94.8169910,2020-03-22 00:28 EDT
Lavaca,Texas,1,0,0,0,0.0000000,29.3843289,-96.9301097,2020-03-22 00:28 EDT
Bowie,Texas,1,0,0,0,0.0000000,33.5590000,-97.8486000,2020-03-22 00:28 EDT
Webb,Texas,1,0,0,0,0.0000000,27.7925000,-99.4228000,2020-03-22 00:28 EDT
Rusk,Texas,1,0,0,0,0.0000000,31.7960000,-95.1502000,2020-03-22 00:28 EDT
Fannin,Texas,1,0,0,0,0.0000000,33.5930962,-96.1069593,2020-03-22 00:28 EDT
DeWitt,Texas,1,0,0,0,0.0000000,29.0820590,-97.3568176,2020-03-22 00:28 EDT
Van Zandt,Texas,1,0,0,0,0.0000000,32.5622995,-95.8358721,2020-03-22 00:28 EDT
Crane,Texas,1,0,0,0,0.0000000,31.4284665,-102.5155684,2020-03-22 00:28 EDT
Lamar,Texas,1,0,0,0,0.0000000,33.6674211,-95.5708708,2020-03-22 00:28 EDT
Midland,Texas,1,0,0,0,0.0000000,31.8693250,-102.0314523,2020-03-22 00:28 EDT
Oldham,Texas,1,0,0,0,0.0000000,35.4049542,-102.6028899,2020-03-22 00:28 EDT
Milam,Texas,1,0,0,0,0.0000000,30.7863001,-96.9767480,2020-03-22 00:28 EDT
Kendall,Texas,1,0,0,0,0.0000000,29.9446766,-98.7116075,2020-03-22 00:28 EDT
Guadalupe,Texas,1,0,0,0,0.0000000,29.5830967,-97.9486565,2020-03-22 00:28 EDT
Fayette,Texas,1,0,0,0,0.0000000,29.8768561,-96.9196684,2020-03-22 00:28 EDT
Fulton,Georgia,99,11,2,0,0.0202020,33.7902407,-84.4671100,2020-03-22 00:28 EDT
Bartow,Georgia,56,2,0,0,0.0000000,34.2376440,-84.8407294,2020-03-22 00:28 EDT
Cobb,Georgia,50,3,2,1,0.0400000,33.9414802,-84.5766374,2020-03-22 00:28 EDT
Dougherty,Georgia,47,3,6,2,0.1276596,31.5333249,-84.2162944,2020-03-22 00:28 EDT
DeKalb,Georgia,41,5,0,0,0.0000000,33.7715373,-84.2264653,2020-03-22 00:28 EDT
Gwinnett,Georgia,23,0,1,1,0.0434783,33.9611888,-84.0235873,2020-03-22 00:28 EDT
Cherokee,Georgia,17,1,0,0,0.0000000,34.2439897,-84.4762441,2020-03-22 00:28 EDT
Lee,Georgia,14,1,0,0,0.0000000,31.7795972,-84.1408802,2020-03-22 00:28 EDT
Carroll,Georgia,14,7,0,0,0.0000000,33.5826264,-85.0798231,2020-03-22 00:28 EDT
Clayton,Georgia,13,3,0,0,0.0000000,33.5419730,-84.3576995,2020-03-22 00:28 EDT
Richmond,Georgia,10,2,0,0,0.0000000,33.3596297,-82.0736164,2020-03-22 00:28 EDT
Fayette,Georgia,9,0,1,0,0.1111111,33.4139091,-84.4942725,2020-03-22 00:28 EDT
Clarke,Georgia,9,-1,0,0,0.0000000,33.9511057,-83.3674122,2020-03-22 00:28 EDT
Hall,Georgia,9,3,0,0,0.0000000,34.3204115,-83.8104354,2020-03-22 00:28 EDT
Floyd,Georgia,8,1,1,0,0.1250000,34.2632424,-85.2145276,2020-03-22 00:28 EDT
Coweta,Georgia,8,2,0,0,0.0000000,33.3536027,-84.7633669,2020-03-22 00:28 EDT
Lowndes,Georgia,7,0,0,0,0.0000000,30.8336283,-83.2676955,2020-03-22 00:28 EDT
Henry,Georgia,7,1,0,0,0.0000000,33.4530163,-84.1542628,2020-03-22 00:28 EDT
Polk,Georgia,4,1,0,0,0.0000000,34.0016881,-85.1881097,2020-03-22 00:28 EDT
Gordon,Georgia,4,1,0,0,0.0000000,34.5031965,-84.8758788,2020-03-22 00:28 EDT
Newton,Georgia,4,0,0,0,0.0000000,33.5550066,-83.8502182,2020-03-22 00:28 EDT
Troup,Georgia,4,2,0,0,0.0000000,33.0335189,-85.0282617,2020-03-22 00:28 EDT
Forsyth,Georgia,4,1,0,0,0.0000000,34.2249323,-84.1334992,2020-03-22 00:28 EDT
Paulding,Georgia,4,1,0,0,0.0000000,33.9204246,-84.8672012,2020-03-22 00:28 EDT
Chatham,Georgia,4,2,0,0,0.0000000,32.0038144,-81.1330707,2020-03-22 00:28 EDT
Douglas,Georgia,4,3,0,0,0.0000000,33.7017959,-84.7682405,2020-03-22 00:28 EDT
Columbia,Georgia,3,1,0,0,0.0000000,33.5372481,-82.2621961,2020-03-22 00:28 EDT
Houston,Georgia,2,0,0,0,0.0000000,32.4589464,-83.6661750,2020-03-22 00:28 EDT
Rockdale,Georgia,2,1,0,0,0.0000000,33.6542250,-84.0266835,2020-03-22 00:28 EDT
Early,Georgia,2,0,1,0,0.5000000,31.3227559,-84.9036802,2020-03-22 00:28 EDT
Glynn,Georgia,2,0,0,0,0.0000000,31.2325826,-81.5426674,2020-03-22 00:28 EDT
Laurens,Georgia,2,0,0,0,0.0000000,32.4636882,-82.9221646,2020-03-22 00:28 EDT
Peach,Georgia,2,1,0,0,0.0000000,32.5688118,-83.8267872,2020-03-22 00:28 EDT
Muscogee,Georgia,2,0,0,0,0.0000000,32.5099001,-84.8768688,2020-03-22 00:28 EDT
Tift,Georgia,2,1,0,0,0.0000000,31.4573225,-83.5267209,2020-03-22 00:28 EDT
Spalding,Georgia,2,0,0,0,0.0000000,33.2608670,-84.2842111,2020-03-22 00:28 EDT
Worth,Georgia,2,0,0,0,0.0000000,31.5515888,-83.8509839,2020-03-22 00:28 EDT
Pickens,Georgia,2,0,0,0,0.0000000,34.4642849,-84.4656530,2020-03-22 00:28 EDT
Sumter,Georgia,2,0,0,0,0.0000000,32.0399387,-84.1970631,2020-03-22 00:28 EDT
Terrell,Georgia,2,0,0,0,0.0000000,31.7767617,-84.4367900,2020-03-22 00:28 EDT
Baldwin,Georgia,2,2,0,0,0.0000000,33.0689826,-83.2498601,2020-03-22 00:28 EDT
Charlton,Georgia,1,0,0,0,0.0000000,30.7817109,-82.1377648,2020-03-22 00:28 EDT
Whitfield,Georgia,1,0,0,0,0.0000000,34.8055258,-84.9672104,2020-03-22 00:28 EDT
Barrow,Georgia,1,0,0,0,0.0000000,33.9932252,-83.7127253,2020-03-22 00:28 EDT
Oconee,Georgia,1,-1,0,0,0.0000000,33.8348602,-83.4370421,2020-03-22 00:28 EDT
Turner,Georgia,1,0,0,0,0.0000000,31.7163534,-83.6240550,2020-03-22 00:28 EDT
Bibb,Georgia,1,0,0,0,0.0000000,32.8066359,-83.6977590,2020-03-22 00:28 EDT
Effingham,Georgia,1,0,0,0,0.0000000,32.3675565,-81.3412999,2020-03-22 00:28 EDT
Miller,Georgia,1,0,0,0,0.0000000,31.1639441,-84.7306565,2020-03-22 00:28 EDT
Heard,Georgia,1,0,0,0,0.0000000,33.2969150,-85.1283854,2020-03-22 00:28 EDT
Dawson,Georgia,1,0,0,0,0.0000000,34.4453183,-84.1729133,2020-03-22 00:28 EDT
Lamar,Georgia,1,0,0,0,0.0000000,33.7605900,-95.8281200,2020-03-22 00:28 EDT
Monroe,Georgia,1,0,0,0,0.0000000,33.0141038,-83.9186615,2020-03-22 00:28 EDT
Randolph,Georgia,1,0,0,0,0.0000000,31.7625971,-84.7541342,2020-03-22 00:28 EDT
Lincoln,Georgia,1,1,0,0,0.0000000,33.7972347,-82.4670814,2020-03-22 00:28 EDT
Middlesex,Massachusetts,177,33,1,1,0.0056497,42.4855941,-71.3917913,2020-03-22 00:28 EDT
Suffolk,Massachusetts,108,22,1,0,0.0092593,42.3318916,-71.0753743,2020-03-22 00:28 EDT
Norfolk,Massachusetts,69,5,0,0,0.0000000,42.1194100,-71.3308300,2020-03-22 00:28 EDT
Essex,Massachusetts,41,12,0,0,0.0000000,42.6325100,-70.7811300,2020-03-22 00:28 EDT
Worcester,Massachusetts,24,5,0,0,0.0000000,42.2634100,-71.8021900,2020-03-22 00:28 EDT
Berkshire,Massachusetts,21,1,0,0,0.0000000,42.5110500,-73.1942600,2020-03-22 00:28 EDT
Plymouth,Massachusetts,20,9,0,0,0.0000000,41.9280800,-70.6568000,2020-03-22 00:28 EDT
Bristol,Massachusetts,14,8,0,0,0.0000000,41.7983696,-71.1142812,2020-03-22 00:28 EDT
Barnstable,Massachusetts,11,2,0,0,0.0000000,41.7019400,-70.3044200,2020-03-22 00:28 EDT
Hampden,Massachusetts,9,6,0,0,0.0000000,42.0646130,-72.4220000,2020-03-22 00:28 EDT
Franklin,Massachusetts,6,5,0,0,0.0000000,42.5865487,-72.5977731,2020-03-22 00:28 EDT
Hampshire,Massachusetts,2,0,0,0,0.0000000,42.3402715,-72.6694039,2020-03-22 00:28 EDT
Denver,Colorado,97,30,0,0,0.0000000,39.7400100,-104.9920200,2020-03-22 00:28 EDT
Eagle,Colorado,74,13,1,1,0.0135135,39.6556500,-106.8278800,2020-03-22 00:28 EDT
Jefferson,Colorado,43,6,0,0,0.0000000,39.5864316,-105.2504022,2020-03-22 00:28 EDT
Arapahoe,Colorado,40,11,0,0,0.0000000,39.6497672,-104.3392044,2020-03-22 00:28 EDT
El Paso,Colorado,37,10,3,1,0.0810811,38.8321269,-104.5255141,2020-03-22 00:28 EDT
Boulder,Colorado,30,14,0,0,0.0000000,40.0157400,-105.2792400,2020-03-22 00:28 EDT
Douglas,Colorado,27,10,0,0,0.0000000,39.3296664,-104.9295706,2020-03-22 00:28 EDT
Weld,Colorado,21,6,1,0,0.0476190,40.5547727,-104.3924353,2020-03-22 00:28 EDT
Larimer,Colorado,19,12,0,0,0.0000000,40.6664525,-105.4609363,2020-03-22 00:28 EDT
Gunnison,Colorado,18,5,0,0,0.0000000,38.5452600,-106.9269200,2020-03-22 00:28 EDT
Pitkin,Colorado,15,1,0,0,0.0000000,39.2171252,-106.9167355,2020-03-22 00:28 EDT
Adams,Colorado,14,2,0,0,0.0000000,39.8737591,-104.3366349,2020-03-22 00:28 EDT
Summit,Colorado,7,0,0,0,0.0000000,39.6341694,-106.1163607,2020-03-22 00:28 EDT
Garfield,Colorado,7,3,0,0,0.0000000,39.5992265,-107.9040019,2020-03-22 00:28 EDT
Pueblo,Colorado,3,1,0,0,0.0000000,38.2637500,-104.6125200,2020-03-22 00:28 EDT
Clear Creek,Colorado,3,1,0,0,0.0000000,39.6890531,-105.6443322,2020-03-22 00:28 EDT
Routt,Colorado,2,0,0,0,0.0000000,40.4849979,-106.9912189,2020-03-22 00:28 EDT
Grand,Colorado,2,-1,0,0,0.0000000,40.1026374,-106.1182838,2020-03-22 00:28 EDT
Morgan,Colorado,2,0,0,0,0.0000000,40.2624978,-103.8101324,2020-03-22 00:28 EDT
Mesa,Colorado,1,0,0,0,0.0000000,39.1661600,-108.1388900,2020-03-22 00:28 EDT
Crowley,Colorado,1,0,1,0,1.0000000,38.3266886,-103.7847985,2020-03-22 00:28 EDT
Broomfield,Colorado,1,-1,0,0,0.0000000,39.9359800,-105.0527000,2020-03-22 00:28 EDT
Park,Colorado,1,0,0,0,0.0000000,39.1192620,-105.7171244,2020-03-22 00:28 EDT
Yuma,Colorado,1,0,0,0,0.0000000,40.0028843,-102.4242280,2020-03-22 00:28 EDT
Philadelphia,Pennsylvania,85,18,0,0,0.0000000,39.9522200,-75.1621800,2020-03-22 00:28 EDT
Montgomery,Pennsylvania,77,9,0,0,0.0000000,40.2108942,-75.3673638,2020-03-22 00:28 EDT
Delaware,Pennsylvania,33,10,0,0,0.0000000,39.9167251,-75.3989856,2020-03-22 00:28 EDT
Allegheny,Pennsylvania,31,3,1,1,0.0322581,40.4508200,-80.0161500,2020-03-22 00:28 EDT
Bucks,Pennsylvania,28,4,0,0,0.0000000,40.3369404,-75.1067941,2020-03-22 00:28 EDT
Monroe,Pennsylvania,25,6,0,0,0.0000000,41.0581159,-75.3393979,2020-03-22 00:28 EDT
Chester,Pennsylvania,19,2,0,0,0.0000000,39.9732037,-75.7484515,2020-03-22 00:28 EDT
Northampton,Pennsylvania,17,7,1,0,0.0588235,40.6836000,-75.4910800,2020-03-22 00:28 EDT
Lehigh,Pennsylvania,13,11,0,0,0.0000000,40.6126567,-75.5923206,2020-03-22 00:28 EDT
Cumberland,Pennsylvania,11,0,0,0,0.0000000,40.1636766,-77.2653807,2020-03-22 00:28 EDT
York,Pennsylvania,9,3,0,0,0.0000000,39.9199320,-76.7264529,2020-03-22 00:28 EDT
Berks,Pennsylvania,7,2,0,0,0.0000000,40.4163373,-75.9260454,2020-03-22 00:28 EDT
Luzerne,Pennsylvania,6,4,0,0,0.0000000,41.2866900,-75.9027200,2020-03-22 00:28 EDT
Washington,Pennsylvania,5,2,0,0,0.0000000,40.1675200,-80.2464800,2020-03-22 00:28 EDT
Lackawanna,Pennsylvania,5,1,0,0,0.0000000,41.4368563,-75.6091800,2020-03-22 00:28 EDT
Lancaster,Pennsylvania,4,2,0,0,0.0000000,40.0423624,-76.2476733,2020-03-22 00:28 EDT
Westmoreland,Pennsylvania,4,0,0,0,0.0000000,40.3107724,-79.4669799,2020-03-22 00:28 EDT
Adams,Pennsylvania,4,0,0,0,0.0000000,39.8715070,-77.2179455,2020-03-22 00:28 EDT
Pike,Pennsylvania,3,0,0,0,0.0000000,41.3320250,-75.0338235,2020-03-22 00:28 EDT
Beaver,Pennsylvania,3,0,0,0,0.0000000,40.6964000,-80.3019600,2020-03-22 00:28 EDT
Lebanon,Pennsylvania,2,1,0,0,0.0000000,40.3671979,-76.4577463,2020-03-22 00:28 EDT
Wayne,Pennsylvania,1,0,0,0,0.0000000,41.6487880,-75.3032486,2020-03-22 00:28 EDT
Erie,Pennsylvania,1,0,0,0,0.0000000,41.9916648,-80.0322062,2020-03-22 00:28 EDT
Franklin,Pennsylvania,1,0,0,0,0.0000000,39.9274958,-77.7211619,2020-03-22 00:28 EDT
Centre,Pennsylvania,1,0,0,0,0.0000000,40.9193080,-77.8197979,2020-03-22 00:28 EDT
Potter,Pennsylvania,1,0,0,0,0.0000000,41.7449072,-77.8957800,2020-03-22 00:28 EDT
Davidson,Tennessee,140,39,1,0,0.0071429,36.1695608,-86.7847568,2020-03-22 00:28 EDT
Out-of-state,Tennessee,59,19,0,0,0.0000000,36.4497836,-82.9943704,2020-03-22 00:28 EDT
Williamson,Tennessee,47,12,0,0,0.0000000,35.8938267,-86.8986396,2020-03-22 00:28 EDT
Shelby,Tennessee,42,38,0,0,0.0000000,35.1269000,-89.9253000,2020-03-22 00:28 EDT
Sumner,Tennessee,11,0,0,0,0.0000000,36.4694621,-86.4603320,2020-03-22 00:28 EDT
Hamilton,Tennessee,7,2,0,0,0.0000000,35.1793204,-85.1668414,2020-03-22 00:28 EDT
Rutherford,Tennessee,5,4,0,0,0.0000000,35.8427433,-86.4167525,2020-03-22 00:28 EDT
Knox,Tennessee,4,1,0,0,0.0000000,35.9956069,-83.9346520,2020-03-22 00:28 EDT
Montgomery,Tennessee,3,0,0,0,0.0000000,36.4970585,-87.3828898,2020-03-22 00:28 EDT
Wilson,Tennessee,3,0,0,0,0.0000000,36.1549437,-86.2976908,2020-03-22 00:28 EDT
Dickson,Tennessee,3,1,0,0,0.0000000,36.1490610,-87.3565971,2020-03-22 00:28 EDT
Tipton,Tennessee,2,1,0,0,0.0000000,35.4979277,-89.7505029,2020-03-22 00:28 EDT
Campbell,Tennessee,2,1,0,0,0.0000000,36.4034563,-84.1493609,2020-03-22 00:28 EDT
Sevier,Tennessee,2,1,0,0,0.0000000,35.7840684,-83.5242224,2020-03-22 00:28 EDT
Cheatham,Tennessee,2,0,0,0,0.0000000,36.2613709,-87.0872357,2020-03-22 00:28 EDT
Robertson,Tennessee,2,0,0,0,0.0000000,36.5254295,-86.8705530,2020-03-22 00:28 EDT
Cumberland,Tennessee,2,0,0,0,0.0000000,35.9503817,-84.9983405,2020-03-22 00:28 EDT
Dyer,Tennessee,2,1,0,0,0.0000000,36.0591887,-89.4087002,2020-03-22 00:28 EDT
Washington,Tennessee,2,0,0,0,0.0000000,36.2930365,-82.4975127,2020-03-22 00:28 EDT
Hamblen,Tennessee,2,1,0,0,0.0000000,36.2172346,-83.2667753,2020-03-22 00:28 EDT
Sullivan,Tennessee,1,0,0,0,0.0000000,36.5128018,-82.3044950,2020-03-22 00:28 EDT
Jefferson,Tennessee,1,0,0,0,0.0000000,36.0571754,-83.4517945,2020-03-22 00:28 EDT
Fayette,Tennessee,1,0,0,0,0.0000000,35.1969847,-89.4143294,2020-03-22 00:28 EDT
Carroll,Tennessee,1,0,0,0,0.0000000,35.9730981,-88.4502194,2020-03-22 00:28 EDT
Greene,Tennessee,1,0,0,0,0.0000000,36.1753420,-82.8459366,2020-03-22 00:28 EDT
Bradley,Tennessee,1,0,0,0,0.0000000,35.1540652,-84.8595656,2020-03-22 00:28 EDT
Anderson,Tennessee,1,0,0,0,0.0000000,36.1184970,-84.1985092,2020-03-22 00:28 EDT
Blount,Tennessee,1,0,0,0,0.0000000,35.6866439,-83.9237776,2020-03-22 00:28 EDT
Maury,Tennessee,1,0,0,0,0.0000000,35.6169825,-87.0770305,2020-03-22 00:28 EDT
Mecklenburg,North Carolina,77,34,0,0,0.0000000,35.2414779,-80.8308055,2020-03-22 00:28 EDT
Wake,North Carolina,49,17,0,0,0.0000000,35.7901085,-78.6503976,2020-03-22 00:28 EDT
Durham,North Carolina,40,1,0,0,0.0000000,35.9954200,-78.8964400,2020-03-22 00:28 EDT
Forsyth,North Carolina,12,5,0,0,0.0000000,36.1305370,-80.2563022,2020-03-22 00:28 EDT
Union,North Carolina,9,3,0,0,0.0000000,34.9883257,-80.5307445,2020-03-22 00:28 EDT
Harnett,North Carolina,7,1,0,0,0.0000000,35.3411700,-78.7883700,2020-03-22 00:28 EDT
Guilford,North Carolina,7,3,0,0,0.0000000,36.0794682,-79.7889701,2020-03-22 00:28 EDT
Cabarrus,North Carolina,6,4,0,0,0.0000000,35.2372000,-80.5423000,2020-03-22 00:28 EDT
Brunswick,North Carolina,6,2,0,0,0.0000000,34.0705938,-78.2374968,2020-03-22 00:28 EDT
Orange,North Carolina,6,2,0,0,0.0000000,36.0613966,-79.1205961,2020-03-22 00:28 EDT
Carteret,North Carolina,5,4,0,0,0.0000000,34.8379733,-76.6653633,2020-03-22 00:28 EDT
New Hanover,North Carolina,4,3,0,0,0.0000000,34.2329216,-77.8847752,2020-03-22 00:28 EDT
Cherokee,North Carolina,4,4,0,0,0.0000000,35.1338599,-84.0634570,2020-03-22 00:28 EDT
Franklin,North Carolina,4,0,0,0,0.0000000,36.0827448,-78.2856003,2020-03-22 00:28 EDT
Chatham,North Carolina,3,0,0,0,0.0000000,35.7026299,-79.2554158,2020-03-22 00:28 EDT
Johnston,North Carolina,3,0,0,0,0.0000000,35.5176559,-78.3657386,2020-03-22 00:28 EDT
Onslow,North Carolina,3,2,0,0,0.0000000,34.7334689,-77.4296641,2020-03-22 00:28 EDT
Cumberland,North Carolina,3,1,0,0,0.0000000,35.0486249,-78.8273923,2020-03-22 00:28 EDT
Craven,North Carolina,2,0,0,0,0.0000000,35.1172866,-77.0824703,2020-03-22 00:28 EDT
Watauga,North Carolina,2,0,0,0,0.0000000,36.2310136,-81.6964558,2020-03-22 00:28 EDT
Wilson,North Carolina,2,0,0,0,0.0000000,35.7219600,-77.9163700,2020-03-22 00:28 EDT
Iredell,North Carolina,2,0,0,0,0.0000000,35.8311000,-80.8987000,2020-03-22 00:28 EDT
Moore,North Carolina,2,0,0,0,0.0000000,35.3106825,-79.4813103,2020-03-22 00:28 EDT
Buncombe,North Carolina,2,1,0,0,0.0000000,35.6111326,-82.5300939,2020-03-22 00:28 EDT
Pitt,North Carolina,2,0,0,0,0.0000000,35.5935109,-77.3746684,2020-03-22 00:28 EDT
Rowan,North Carolina,2,0,0,0,0.0000000,35.6395887,-80.5247094,2020-03-22 00:28 EDT
Alamance,North Carolina,2,1,0,0,0.0000000,36.0439721,-79.3994515,2020-03-22 00:28 EDT
Wayne,North Carolina,1,0,0,0,0.0000000,35.3637623,-78.0041603,2020-03-22 00:28 EDT
Sampson,North Carolina,1,0,0,0,0.0000000,34.9916072,-78.3715770,2020-03-22 00:28 EDT
Lincoln,North Carolina,1,0,0,0,0.0000000,35.4857688,-81.2306512,2020-03-22 00:28 EDT
Gaston,North Carolina,1,0,0,0,0.0000000,35.2941764,-81.1801548,2020-03-22 00:28 EDT
Hoke,North Carolina,1,0,0,0,0.0000000,35.0172940,-79.2371627,2020-03-22 00:28 EDT
Davidson,North Carolina,1,0,0,0,0.0000000,35.7931766,-80.2127047,2020-03-22 00:28 EDT
Pasquotank,North Carolina,1,0,0,0,0.0000000,36.2888322,-76.2723684,2020-03-22 00:28 EDT
Lee,North Carolina,1,0,0,0,0.0000000,35.4750599,-79.1715405,2020-03-22 00:28 EDT
Catawba,North Carolina,1,0,0,0,0.0000000,35.6639945,-81.2195283,2020-03-22 00:28 EDT
Chowan,North Carolina,1,0,0,0,0.0000000,36.1518954,-76.6156174,2020-03-22 00:28 EDT
Stanley,North Carolina,1,0,0,0,0.0000000,35.3119145,-80.2508748,2020-03-22 00:28 EDT
Robeson,North Carolina,1,1,0,0,0.0000000,34.6400853,-79.1034738,2020-03-22 00:28 EDT
Hyde,North Carolina,1,1,0,0,0.0000000,35.5367650,-76.2612445,2020-03-22 00:28 EDT
Milwaukee,Wisconsin,126,31,2,1,0.0158730,43.0420000,-87.9068700,2020-03-22 00:28 EDT
Dane,Wisconsin,49,17,0,0,0.0000000,43.2509000,-89.5182900,2020-03-22 00:28 EDT
Waukesha,Wisconsin,20,5,0,0,0.0000000,43.0145800,-88.2354800,2020-03-22 00:28 EDT
Fond du Lac,Wisconsin,15,1,1,0,0.0666667,43.7730200,-88.4470900,2020-03-22 00:28 EDT
Ozaukee,Wisconsin,11,4,1,0,0.0909091,43.3840604,-87.9508092,2020-03-22 00:28 EDT
Sheboygan,Wisconsin,6,0,0,0,0.0000000,43.7497800,-87.7134300,2020-03-22 00:28 EDT
Winnebago,Wisconsin,5,0,0,0,0.0000000,44.0751600,-88.5252200,2020-03-22 00:28 EDT
Kenosha,Wisconsin,5,1,0,0,0.0000000,42.5880800,-87.8232600,2020-03-22 00:28 EDT
La Crosse,Wisconsin,5,1,0,0,0.0000000,43.8126700,-91.2520600,2020-03-22 00:28 EDT
Columbia,Wisconsin,5,0,0,0,0.0000000,43.4666300,-89.3337458,2020-03-22 00:28 EDT
Racine,Wisconsin,4,1,0,0,0.0000000,42.7256400,-87.7895500,2020-03-22 00:28 EDT
Washington,Wisconsin,3,0,0,0,0.0000000,43.3684626,-88.2307463,2020-03-22 00:28 EDT
Brown,Wisconsin,3,1,0,0,0.0000000,44.4526273,-88.0037092,2020-03-22 00:28 EDT
Walworth,Wisconsin,3,0,0,0,0.0000000,42.6686008,-88.5419541,2020-03-22 00:28 EDT
Eau Claire,Wisconsin,3,0,0,0,0.0000000,44.8165800,-91.5007700,2020-03-22 00:28 EDT
Rock,Wisconsin,3,1,0,0,0.0000000,42.6712076,-89.0715632,2020-03-22 00:28 EDT
Outagamie,Wisconsin,2,0,0,0,0.0000000,44.4161518,-88.4649782,2020-03-22 00:28 EDT
Sauk,Wisconsin,2,0,0,0,0.0000000,43.4266931,-89.9483328,2020-03-22 00:28 EDT
St. Croix,Wisconsin,2,0,0,0,0.0000000,45.7671841,-92.1481414,2020-03-22 00:28 EDT
Pierce,Wisconsin,1,0,0,0,0.0000000,44.7227332,-92.4219232,2020-03-22 00:28 EDT
Wood,Wisconsin,1,0,0,0,0.0000000,44.4752300,-90.1606200,2020-03-22 00:28 EDT
Calumet,Wisconsin,1,0,0,0,0.0000000,44.0834509,-88.1835902,2020-03-22 00:28 EDT
Bayfield,Wisconsin,1,0,0,0,0.0000000,46.5235899,-91.2008410,2020-03-22 00:28 EDT
Dunn,Wisconsin,1,0,0,0,0.0000000,44.9465692,-91.8963636,2020-03-22 00:28 EDT
Chippewa,Wisconsin,1,0,0,0,0.0000000,45.0693964,-91.2798920,2020-03-22 00:28 EDT
Marathon,Wisconsin,1,0,0,0,0.0000000,44.8982878,-89.7590945,2020-03-22 00:28 EDT
Jefferson,Wisconsin,1,0,0,0,0.0000000,43.0207606,-88.7758769,2020-03-22 00:28 EDT
Douglas,Wisconsin,1,0,0,0,0.0000000,46.4315411,-91.9153938,2020-03-22 00:28 EDT
Green,Wisconsin,1,0,0,0,0.0000000,42.6799749,-89.6022699,2020-03-22 00:28 EDT
Cuyahoga,Ohio,92,23,1,1,0.0108696,41.4244148,-81.6585817,2020-03-22 00:28 EDT
Franklin,Ohio,21,7,0,0,0.0000000,39.9694713,-83.0093307,2020-03-22 00:28 EDT
Butler,Ohio,16,4,0,0,0.0000000,39.4386384,-84.5761677,2020-03-22 00:28 EDT
Summit,Ohio,15,5,0,0,0.0000000,41.1259157,-81.5321883,2020-03-22 00:28 EDT
Lorain,Ohio,14,4,0,0,0.0000000,41.4682000,-82.1781500,2020-03-22 00:28 EDT
Mahoning,Ohio,14,7,0,0,0.0000000,41.0146443,-80.7762383,2020-03-22 00:28 EDT
Miami,Ohio,11,9,0,-1,0.0000000,40.0534488,-84.2289072,2020-03-22 00:28 EDT
Medina,Ohio,9,3,0,0,0.0000000,41.1404200,-81.8640200,2020-03-22 00:28 EDT
Stark,Ohio,8,2,0,0,0.0000000,40.8139096,-81.3656565,2020-03-22 00:28 EDT
Hamilton,Ohio,8,1,0,0,0.0000000,39.1960461,-84.5420783,2020-03-22 00:28 EDT
Lucas,Ohio,4,2,1,0,0.2500000,41.6198584,-83.6597766,2020-03-22 00:28 EDT
Lake,Ohio,4,1,0,0,0.0000000,41.6964084,-81.2373189,2020-03-22 00:28 EDT
Delaware,Ohio,4,2,0,0,0.0000000,40.2784204,-83.0049769,2020-03-22 00:28 EDT
Trumbull,Ohio,3,0,0,0,0.0000000,41.3170671,-80.7611827,2020-03-22 00:28 EDT
Belmont,Ohio,2,0,0,0,0.0000000,40.0295500,-81.0389100,2020-03-22 00:28 EDT
Coshocton,Ohio,2,0,0,0,0.0000000,40.3016178,-81.9200138,2020-03-22 00:28 EDT
Warren,Ohio,2,0,0,0,0.0000000,39.4275635,-84.1666884,2020-03-22 00:28 EDT
Defiance,Ohio,2,1,0,0,0.0000000,41.3239139,-84.4904998,2020-03-22 00:28 EDT
Tuscarawas,Ohio,1,0,0,0,0.0000000,40.3975800,-81.4072700,2020-03-22 00:28 EDT
Geauga,Ohio,1,0,0,0,0.0000000,41.4995451,-81.1785838,2020-03-22 00:28 EDT
Darke,Ohio,1,0,0,0,0.0000000,40.1332381,-84.6193616,2020-03-22 00:28 EDT
Huron,Ohio,1,0,0,0,0.0000000,41.1462065,-82.5983497,2020-03-22 00:28 EDT
Ashland,Ohio,1,0,0,0,0.0000000,40.8459854,-82.2706822,2020-03-22 00:28 EDT
Montgomery,Ohio,1,0,0,0,0.0000000,39.7546878,-84.2909755,2020-03-22 00:28 EDT
Clark,Ohio,1,0,0,0,0.0000000,39.9166540,-83.7837497,2020-03-22 00:28 EDT
Richland,Ohio,1,0,0,0,0.0000000,40.7746982,-82.5364402,2020-03-22 00:28 EDT
Out of state,Ohio,1,0,0,0,0.0000000,40.2503400,-83.0001800,2020-03-22 00:28 EDT
Marion,Ohio,1,0,0,0,0.0000000,40.5872053,-83.1607696,2020-03-22 00:28 EDT
Licking,Ohio,1,0,0,0,0.0000000,40.0916812,-82.4831028,2020-03-22 00:28 EDT
Union,Ohio,1,0,0,0,0.0000000,40.2994141,-83.3716369,2020-03-22 00:28 EDT
Ashtabula,Ohio,1,0,0,0,0.0000000,41.7074107,-80.7482149,2020-03-22 00:28 EDT
Erie,Ohio,1,0,1,0,1.0000000,41.3636333,-82.6192445,2020-03-22 00:28 EDT
Fairfield,Connecticut,140,18,4,0,0.0285714,41.1663300,-73.2287600,2020-03-22 00:28 EDT
Hartford,Connecticut,35,6,0,0,0.0000000,41.7637500,-72.6739400,2020-03-22 00:28 EDT
New Haven,Connecticut,24,1,0,0,0.0000000,41.3080100,-72.9243200,2020-03-22 00:28 EDT
Litchfield,Connecticut,11,3,0,0,0.0000000,41.7462600,-73.1889500,2020-03-22 00:28 EDT
Middlesex,Connecticut,6,1,0,0,0.0000000,41.4630666,-72.5347041,2020-03-22 00:28 EDT
Tolland,Connecticut,5,1,1,1,0.2000000,41.8550448,-72.3365675,2020-03-22 00:28 EDT
Windham,Connecticut,1,-1,0,0,0.0000000,41.8299475,-71.9875096,2020-03-22 00:28 EDT
New London,Connecticut,1,0,0,0,0.0000000,41.3565000,-72.0962600,2020-03-22 00:28 EDT
Montgomery,Maryland,68,17,1,1,0.0147059,39.1363682,-77.2040317,2020-03-22 00:28 EDT
Prince George's,Maryland,36,5,1,0,0.0277778,38.8283862,-76.8458707,2020-03-22 00:28 EDT
Baltimore,Maryland,19,6,1,0,0.0526316,39.2905800,-76.6092600,2020-03-22 00:28 EDT
Howard,Maryland,19,1,0,0,0.0000000,39.2511278,-76.9312584,2020-03-22 00:28 EDT
Anne Arundel,Maryland,15,6,0,0,0.0000000,39.0088970,-76.6032863,2020-03-22 00:28 EDT
Baltimore City,Maryland,15,4,0,0,0.0000000,39.3019413,-76.6111117,2020-03-22 00:28 EDT
Harford,Maryland,5,0,0,0,0.0000000,39.5544404,-76.3158396,2020-03-22 00:28 EDT
Charles,Maryland,4,2,0,0,0.0000000,38.4741042,-77.0128671,2020-03-22 00:28 EDT
Carroll,Maryland,3,-1,0,0,0.0000000,39.5629588,-77.0224657,2020-03-22 00:28 EDT
Wicomico,Maryland,2,1,0,0,0.0000000,38.3702917,-75.6298099,2020-03-22 00:28 EDT
Talbot,Maryland,1,0,0,0,0.0000000,38.7592645,-76.1136695,2020-03-22 00:28 EDT
Frederick,Maryland,1,0,0,0,0.0000000,39.4157400,-77.4120300,2020-03-22 00:28 EDT
Calvert,Maryland,1,0,0,0,0.0000000,38.5402082,-76.5651139,2020-03-22 00:28 EDT
Worcester,Maryland,1,0,0,0,0.0000000,38.2221675,-75.3577413,2020-03-22 00:28 EDT
Kershaw,South Carolina,43,7,0,0,0.0000000,34.3389221,-80.5902960,2020-03-22 00:28 EDT
Richland,South Carolina,27,5,0,0,0.0000000,34.0214529,-80.9013450,2020-03-22 00:28 EDT
Greenville,South Carolina,17,5,0,0,0.0000000,34.8482700,-82.4001100,2020-03-22 00:28 EDT
Beaufort,South Carolina,13,5,0,0,0.0000000,32.4311900,-80.6699300,2020-03-22 00:28 EDT
Lexington,South Carolina,12,4,1,0,0.0833333,33.9810500,-81.2359500,2020-03-22 00:28 EDT
Anderson,South Carolina,10,4,0,0,0.0000000,34.5006100,-82.6496200,2020-03-22 00:28 EDT
Charleston,South Carolina,9,3,0,0,0.0000000,32.7811500,-79.9316000,2020-03-22 00:28 EDT
Horry,South Carolina,9,1,0,0,0.0000000,33.9318800,-79.1347000,2020-03-22 00:28 EDT
Lancaster,South Carolina,3,0,0,0,0.0000000,34.7209600,-80.7711200,2020-03-22 00:28 EDT
Sumter,South Carolina,3,2,0,0,0.0000000,33.9164303,-80.3819637,2020-03-22 00:28 EDT
Orangeburg,South Carolina,3,1,0,0,0.0000000,33.4385640,-80.8066534,2020-03-22 00:28 EDT
Spartanburg,South Carolina,2,1,0,0,0.0000000,34.9483800,-81.9349400,2020-03-22 00:28 EDT
York,South Carolina,2,1,0,0,0.0000000,34.9747504,-81.1844877,2020-03-22 00:28 EDT
Darlington,South Carolina,2,1,0,0,0.0000000,34.3322992,-79.9576476,2020-03-22 00:28 EDT
Fairfield,South Carolina,1,0,0,0,0.0000000,34.3951862,-81.1211693,2020-03-22 00:28 EDT
Calhoun,South Carolina,1,0,0,0,0.0000000,33.6759594,-80.7836390,2020-03-22 00:28 EDT
Dorchester,South Carolina,1,0,0,0,0.0000000,33.0795466,-80.4054902,2020-03-22 00:28 EDT
Lee,South Carolina,1,0,0,0,0.0000000,34.1632896,-80.2544425,2020-03-22 00:28 EDT
Abbeville,South Carolina,1,0,0,0,0.0000000,34.2225842,-82.4586613,2020-03-22 00:28 EDT
Saluda,South Carolina,1,0,0,0,0.0000000,34.0047789,-81.7296019,2020-03-22 00:28 EDT
Aiken,South Carolina,1,0,0,0,0.0000000,33.5443692,-81.6348687,2020-03-22 00:28 EDT
Berkeley,South Carolina,1,0,0,0,0.0000000,33.1861106,-79.9398336,2020-03-22 00:28 EDT
Clarendon,South Carolina,1,0,1,0,1.0000000,33.6871473,-80.2017734,2020-03-22 00:28 EDT
Florence,South Carolina,1,0,1,0,1.0000000,34.0243884,-79.7027295,2020-03-22 00:28 EDT
Pickens,South Carolina,1,0,0,0,0.0000000,34.8883056,-82.7248006,2020-03-22 00:28 EDT
Fairfax,Virginia,22,6,1,1,0.0454545,38.8417900,-77.3088700,2020-03-22 00:28 EDT
Arlington,Virginia,22,5,0,0,0.0000000,38.8905000,-77.0862900,2020-03-22 00:28 EDT
James City,Virginia,20,1,1,0,0.0500000,37.3132739,-76.7733526,2020-03-22 00:28 EDT
Loudoun,Virginia,14,5,0,0,0.0000000,39.0906991,-77.6356479,2020-03-22 00:28 EDT
Prince William,Virginia,14,2,0,0,0.0000000,38.7024474,-77.4800235,2020-03-22 00:28 EDT
Chesterfield,Virginia,7,1,0,0,0.0000000,37.3775600,-77.5081700,2020-03-22 00:28 EDT
Henrico,Virginia,7,4,0,0,0.0000000,37.5059000,-77.3324000,2020-03-22 00:28 EDT
Richmond City,Virginia,6,1,0,0,0.0000000,37.5295087,-77.4757329,2020-03-22 00:28 EDT
Virginia Beach City,Virginia,5,0,0,0,0.0000000,36.7481787,-76.0574891,2020-03-22 00:28 EDT
Alexandria City,Virginia,5,2,0,0,0.0000000,38.8183862,-77.0862296,2020-03-22 00:28 EDT
Williamsburg,Virginia,4,0,0,0,0.0000000,37.2692700,-76.7075600,2020-03-22 00:28 EDT
Charlottesville City,Virginia,3,0,0,0,0.0000000,38.0373133,-78.4870211,2020-03-22 00:28 EDT
York,Virginia,3,0,1,0,0.3333333,37.2418862,-76.5591361,2020-03-22 00:28 EDT
Norfolk,Virginia,3,2,0,0,0.0000000,36.8927996,-76.2609843,2020-03-22 00:28 EDT
Stafford,Virginia,2,0,0,0,0.0000000,38.4234600,-77.4081600,2020-03-22 00:28 EDT
Gloucester,Virginia,2,1,0,0,0.0000000,37.4111426,-76.5378143,2020-03-22 00:28 EDT
Newport News,Virginia,2,1,0,0,0.0000000,37.0835800,-76.4806500,2020-03-22 00:28 EDT
Spotsylvania,Virginia,1,0,0,0,0.0000000,38.2017400,-77.5885500,2020-03-22 00:28 EDT
Hanover,Virginia,1,0,0,0,0.0000000,37.7688100,-77.3710900,2020-03-22 00:28 EDT
Prince Edward,Virginia,1,0,0,0,0.0000000,37.2242974,-78.4410565,2020-03-22 00:28 EDT
Harrisonburg,Virginia,1,0,0,0,0.0000000,38.4516300,-78.8697000,2020-03-22 00:28 EDT
Goochland,Virginia,1,0,0,0,0.0000000,37.7220189,-77.9162224,2020-03-22 00:28 EDT
Charles City,Virginia,1,0,0,0,0.0000000,37.3419700,-77.0725000,2020-03-22 00:28 EDT
Albemarle,Virginia,1,0,0,0,0.0000000,38.0228436,-78.5565835,2020-03-22 00:28 EDT
Portsmouth City,Virginia,1,0,0,0,0.0000000,36.8491583,-76.3537178,2020-03-22 00:28 EDT
Botetourt,Virginia,1,0,0,0,0.0000000,37.5571518,-79.8122935,2020-03-22 00:28 EDT
Suffolk,Virginia,1,0,0,0,0.0000000,36.6976981,-76.6377810,2020-03-22 00:28 EDT
Accomack,Virginia,1,0,0,0,0.0000000,37.7628726,-75.6519364,2020-03-22 00:28 EDT
Mecklenburg,Virginia,1,0,0,0,0.0000000,36.6867770,-78.3594444,2020-03-22 00:28 EDT
Rockbridge,Virginia,1,0,0,0,0.0000000,37.8145691,-79.4475621,2020-03-22 00:28 EDT
Isle of Wight,Virginia,1,0,0,0,0.0000000,36.9081500,-76.7079400,2020-03-22 00:28 EDT
Franklin,Virginia,1,0,0,0,0.0000000,36.9919569,-79.8809143,2020-03-22 00:28 EDT
Clark,Nevada,126,0,2,0,0.0158730,36.2170997,-115.0246913,2020-03-22 00:28 EDT
Washoe,Nevada,25,7,0,0,0.0000000,40.6869602,-119.6659910,2020-03-22 00:28 EDT
Carson City,Nevada,2,0,0,0,0.0000000,39.1650600,-119.7669700,2020-03-22 00:28 EDT
Elko County,Nevada,1,0,0,0,0.0000000,41.1458087,-115.3577152,2020-03-22 00:28 EDT
Hinds,Mississippi,14,7,0,0,0.0000000,32.2667675,-90.4426253,2020-03-22 00:28 EDT
Desoto,Mississippi,13,9,0,0,0.0000000,34.8749403,-89.9888221,2020-03-22 00:28 EDT
Harrison,Mississippi,10,2,0,0,0.0000000,30.5121564,-89.1166843,2020-03-22 00:28 EDT
Pearl River,Mississippi,9,2,0,0,0.0000000,30.7685434,-89.5897574,2020-03-22 00:28 EDT
Leflore,Mississippi,7,0,0,0,0.0000000,33.5505280,-90.3010654,2020-03-22 00:28 EDT
Madison,Mississippi,7,4,0,0,0.0000000,32.6380796,-90.0350270,2020-03-22 00:28 EDT
Rankin,Mississippi,7,4,0,0,0.0000000,32.2575817,-89.9437647,2020-03-22 00:28 EDT
Forrest,Mississippi,5,1,0,0,0.0000000,31.1888395,-89.2578348,2020-03-22 00:28 EDT
Jackson,Mississippi,5,2,0,0,0.0000000,30.5432779,-88.6359578,2020-03-22 00:28 EDT
Coahoma,Mississippi,5,2,0,0,0.0000000,34.2273536,-90.5976907,2020-03-22 00:28 EDT
Lee,Mississippi,5,4,0,0,0.0000000,34.2898531,-88.6804133,2020-03-22 00:28 EDT
Hancock,Mississippi,4,1,1,0,0.2500000,30.4163438,-89.4887981,2020-03-22 00:28 EDT
Holmes,Mississippi,3,0,0,0,0.0000000,33.1235188,-90.0920530,2020-03-22 00:28 EDT
Tippah,Mississippi,3,0,0,0,0.0000000,34.7683027,-88.9088954,2020-03-22 00:28 EDT
Copiah,Mississippi,2,0,0,0,0.0000000,31.8693204,-90.4488597,2020-03-22 00:28 EDT
Monroe,Mississippi,2,0,0,0,0.0000000,33.8922661,-88.4805139,2020-03-22 00:28 EDT
Bolivar,Mississippi,2,0,0,0,0.0000000,33.7957674,-90.8760289,2020-03-22 00:28 EDT
Lafayette,Mississippi,2,1,0,0,0.0000000,34.3513386,-89.4781291,2020-03-22 00:28 EDT
Franklin,Mississippi,2,1,0,0,0.0000000,31.4770478,-90.8977410,2020-03-22 00:28 EDT
Marshall,Mississippi,2,1,0,0,0.0000000,34.7622510,-89.5031233,2020-03-22 00:28 EDT
Pike,Mississippi,2,1,0,0,0.0000000,31.1748923,-90.4041176,2020-03-22 00:28 EDT
Perry,Mississippi,1,0,0,0,0.0000000,31.1719331,-88.9923085,2020-03-22 00:28 EDT
Jones,Mississippi,1,0,0,0,0.0000000,31.6225356,-89.1687378,2020-03-22 00:28 EDT
Smith,Mississippi,1,0,0,0,0.0000000,32.0176813,-89.5066836,2020-03-22 00:28 EDT
Walthall,Mississippi,1,0,0,0,0.0000000,31.1484284,-90.1060979,2020-03-22 00:28 EDT
Wilkinson,Mississippi,1,0,0,0,0.0000000,31.1604108,-91.3089461,2020-03-22 00:28 EDT
Winston,Mississippi,1,0,0,0,0.0000000,33.0884277,-89.0345157,2020-03-22 00:28 EDT
Yazoo,Mississippi,1,0,0,0,0.0000000,32.7803204,-90.3964339,2020-03-22 00:28 EDT
Humphreys,Mississippi,1,0,0,0,0.0000000,33.1287287,-90.5265076,2020-03-22 00:28 EDT
Lawrence,Mississippi,1,0,0,0,0.0000000,31.5502185,-90.1069463,2020-03-22 00:28 EDT
Webster,Mississippi,1,0,0,0,0.0000000,33.6131055,-89.2848647,2020-03-22 00:28 EDT
Adams,Mississippi,1,0,0,0,0.0000000,31.4837077,-91.3473139,2020-03-22 00:28 EDT
Clay,Mississippi,1,1,0,0,0.0000000,33.6556997,-88.7816428,2020-03-22 00:28 EDT
George,Mississippi,1,1,0,0,0.0000000,30.8625703,-88.6439732,2020-03-22 00:28 EDT
Grenada,Mississippi,1,1,0,0,0.0000000,33.7699988,-89.8020405,2020-03-22 00:28 EDT
Washington,Oregon,42,11,1,0,0.0238095,45.5600596,-123.0984080,2020-03-22 00:28 EDT
Marion,Oregon,19,2,1,0,0.0526316,44.7504500,-122.9405200,2020-03-22 00:28 EDT
Linn,Oregon,19,1,0,0,0.0000000,44.4887414,-122.5343983,2020-03-22 00:28 EDT
Multnomah,Oregon,18,6,1,0,0.0555556,45.4697500,-122.7056200,2020-03-22 00:28 EDT
Clackamas,Oregon,11,1,0,0,0.0000000,45.4121100,-122.5690900,2020-03-22 00:28 EDT
Deschutes,Oregon,9,1,0,0,0.0000000,44.1592400,-121.2596700,2020-03-22 00:28 EDT
Yamhill,Oregon,4,0,0,0,0.0000000,45.3403700,-123.1878700,2020-03-22 00:28 EDT
Lane,Oregon,3,1,1,0,0.3333333,43.9387350,-122.8479273,2020-03-22 00:28 EDT
Jackson,Oregon,2,0,0,0,0.0000000,42.4321189,-122.7284862,2020-03-22 00:28 EDT
Umatilla,Oregon,2,0,0,0,0.0000000,45.9176800,-119.3420300,2020-03-22 00:28 EDT
Benton,Oregon,2,-1,0,0,0.0000000,44.4918359,-123.4292918,2020-03-22 00:28 EDT
Klamath,Oregon,1,0,0,0,0.0000000,42.6921914,-121.6433518,2020-03-22 00:28 EDT
Douglas,Oregon,1,0,0,0,0.0000000,43.2797710,-123.1664872,2020-03-22 00:28 EDT
Polk,Oregon,1,0,0,0,0.0000000,44.9037345,-123.4127777,2020-03-22 00:28 EDT
Grant,Oregon,1,0,0,0,0.0000000,44.4913963,-119.0074177,2020-03-22 00:28 EDT
Union,Oregon,1,0,0,0,0.0000000,45.3103493,-118.0090335,2020-03-22 00:28 EDT
Hennepin,Minnesota,52,7,0,0,0.0000000,45.0057578,-93.4749321,2020-03-22 00:28 EDT
Ramsey,Minnesota,17,1,1,1,0.0588235,45.0181224,-93.0996168,2020-03-22 00:28 EDT
Olmsted,Minnesota,12,1,0,0,0.0000000,44.0037994,-92.4018182,2020-03-22 00:28 EDT
Dakota,Minnesota,7,0,0,0,0.0000000,44.6709807,-93.0666777,2020-03-22 00:28 EDT
Anoka,Minnesota,5,0,0,0,0.0000000,45.1983300,-93.3899700,2020-03-22 00:28 EDT
Martin,Minnesota,5,1,0,0,0.0000000,43.6743491,-94.5510494,2020-03-22 00:28 EDT
Stearns,Minnesota,4,0,0,0,0.0000000,45.5520968,-94.6137567,2020-03-22 00:28 EDT
Washington,Minnesota,4,1,0,0,0.0000000,45.0411011,-92.8833786,2020-03-22 00:28 EDT
Carver,Minnesota,3,0,0,0,0.0000000,44.7632500,-93.6252400,2020-03-22 00:28 EDT
Wright,Minnesota,3,1,0,0,0.0000000,45.1734420,-93.9635579,2020-03-22 00:28 EDT
Blue earth,Minnesota,3,1,0,0,0.0000000,43.9505000,-93.9878000,2020-03-22 00:28 EDT
Mower,Minnesota,3,2,0,0,0.0000000,43.6714824,-92.7525012,2020-03-22 00:28 EDT
Nicollet,Minnesota,2,0,0,0,0.0000000,44.3496797,-94.2468640,2020-03-22 00:28 EDT
Scott,Minnesota,2,0,0,0,0.0000000,44.6485110,-93.5357470,2020-03-22 00:28 EDT
Filmore,Minnesota,2,0,0,0,0.0000000,43.6739865,-92.0901501,2020-03-22 00:28 EDT
Steele,Minnesota,2,2,0,0,0.0000000,44.0223334,-93.2260761,2020-03-22 00:28 EDT
Renville,Minnesota,1,0,0,0,0.0000000,44.7892100,-95.2124300,2020-03-22 00:28 EDT
Waseca,Minnesota,1,0,0,0,0.0000000,44.0780400,-93.5074200,2020-03-22 00:28 EDT
Benton,Minnesota,1,0,0,0,0.0000000,45.7211000,-93.9733000,2020-03-22 00:28 EDT
Rice,Minnesota,1,0,0,0,0.0000000,44.3542620,-93.2967149,2020-03-22 00:28 EDT
Chisago,Minnesota,1,0,0,0,0.0000000,45.5024605,-92.9083447,2020-03-22 00:28 EDT
Clay,Minnesota,1,0,0,0,0.0000000,46.8923479,-96.4907378,2020-03-22 00:28 EDT
Wabasha,Minnesota,1,1,0,0,0.0000000,44.2819941,-92.2377800,2020-03-22 00:28 EDT
Jackson,Minnesota,1,1,0,0,0.0000000,43.6741366,-95.1540822,2020-03-22 00:28 EDT
Dodge,Minnesota,1,1,0,0,0.0000000,44.0225843,-92.8620731,2020-03-22 00:28 EDT
St. Louis,Minnesota,1,1,0,0,0.0000000,47.5864718,-92.4657678,2020-03-22 00:28 EDT
unassign,Minnesota,1,1,0,0,0.0000000,37.4224275,-99.9226333,2020-03-22 00:28 EDT
Salt Lake,Utah,57,13,0,0,0.0000000,40.7603100,-111.8882200,2020-03-22 00:28 EDT
Summit,Utah,32,4,0,0,0.0000000,40.8680986,-110.9558464,2020-03-22 00:28 EDT
Davis,Utah,14,2,0,0,0.0000000,40.9997362,-111.9800051,2020-03-22 00:28 EDT
Non-Utah resident,Utah,11,1,0,0,0.0000000,39.3237252,-111.6782484,2020-03-22 00:28 EDT
Wasatch,Utah,7,3,0,0,0.0000000,40.3304771,-111.1683986,2020-03-22 00:28 EDT
Weber-Morgan,Utah,6,0,0,0,0.0000000,41.2245943,-111.9703114,2020-03-22 00:28 EDT
Utah,Utah,3,1,0,0,0.0000000,40.1135638,-111.6594534,2020-03-22 00:28 EDT
Tooele,Utah,2,0,0,0,0.0000000,40.5340800,-112.2984900,2020-03-22 00:28 EDT
Cache,Utah,2,0,0,0,0.0000000,41.7224440,-111.7435477,2020-03-22 00:28 EDT
Southwest Utah,Utah,1,0,0,0,0.0000000,37.0035773,-112.9680908,2020-03-22 00:28 EDT
Box Elder,Utah,1,0,0,0,0.0000000,41.5565387,-113.1681006,2020-03-22 00:28 EDT
Jefferson,Alabama,61,11,0,0,0.0000000,33.5542737,-86.8964891,2020-03-22 00:28 EDT
Shelby,Alabama,16,6,0,0,0.0000000,33.3039000,-86.6611000,2020-03-22 00:28 EDT
Lee,Alabama,12,1,0,0,0.0000000,32.6010351,-85.3554861,2020-03-22 00:28 EDT
Madison,Alabama,9,2,0,0,0.0000000,34.7631180,-86.5501895,2020-03-22 00:28 EDT
Elmore,Alabama,6,1,0,0,0.0000000,32.5647000,-86.1122000,2020-03-22 00:28 EDT
Tuscaloosa,Alabama,6,2,0,0,0.0000000,33.2104200,-87.5662500,2020-03-22 00:28 EDT
Montgomery,Alabama,3,0,0,0,0.0000000,32.2077000,-86.1752000,2020-03-22 00:28 EDT
Baldwin,Alabama,2,0,0,0,0.0000000,30.7358912,-87.7235251,2020-03-22 00:28 EDT
Mobile,Alabama,2,-1,0,0,0.0000000,30.7898902,-88.2063594,2020-03-22 00:28 EDT
Lauderdale,Alabama,2,1,0,0,0.0000000,34.9034787,-87.6593865,2020-03-22 00:28 EDT
Cullman,Alabama,2,2,0,0,0.0000000,34.1319143,-86.8676299,2020-03-22 00:28 EDT
Limestone,Alabama,1,0,0,0,0.0000000,34.8148920,-86.9772846,2020-03-22 00:28 EDT
St. Clair,Alabama,1,0,0,0,0.0000000,33.6530000,-86.3377000,2020-03-22 00:28 EDT
Calhoun,Alabama,1,0,0,0,0.0000000,33.7713801,-85.8261084,2020-03-22 00:28 EDT
Chambers,Alabama,1,-1,0,0,0.0000000,32.9142500,-85.3919974,2020-03-22 00:28 EDT
Talladega,Alabama,1,0,0,0,0.0000000,33.3801384,-86.1658453,2020-03-22 00:28 EDT
Walker,Alabama,1,0,0,0,0.0000000,33.7422000,-87.2537600,2020-03-22 00:28 EDT
Jackson,Alabama,1,0,0,0,0.0000000,34.7841722,-85.9983159,2020-03-22 00:28 EDT
Lamar,Alabama,1,0,0,0,0.0000000,33.7792277,-88.0969236,2020-03-22 00:28 EDT
Washington,Alabama,1,0,0,0,0.0000000,31.4075937,-88.2078724,2020-03-22 00:28 EDT
Marion,Indiana,46,21,2,0,0.0434783,39.7817436,-86.1384149,2020-03-22 00:28 EDT
Hamilton,Indiana,10,5,0,0,0.0000000,40.0725137,-86.0520180,2020-03-22 00:28 EDT
Johnson,Indiana,7,3,1,0,0.1428571,39.4899822,-86.1016083,2020-03-22 00:28 EDT
Lake,Indiana,7,1,0,0,0.0000000,41.4166063,-87.3821740,2020-03-22 00:28 EDT
Hendricks,Indiana,6,2,0,0,0.0000000,39.8065000,-86.5401000,2020-03-22 00:28 EDT
St. Joseph,Indiana,6,0,0,0,0.0000000,41.6167201,-86.2899112,2020-03-22 00:28 EDT
Howard,Indiana,5,0,0,0,0.0000000,40.4835961,-86.1168603,2020-03-22 00:28 EDT
Floyd,Indiana,5,0,0,0,0.0000000,38.3189831,-85.9069298,2020-03-22 00:28 EDT
Clark,Indiana,4,3,0,0,0.0000000,38.4774168,-85.7074739,2020-03-22 00:28 EDT
Allen,Indiana,4,0,0,0,0.0000000,41.0908614,-85.0665371,2020-03-22 00:28 EDT
Boone,Indiana,2,0,0,0,0.0000000,40.0507449,-86.4686988,2020-03-22 00:28 EDT
LaPorte,Indiana,2,1,0,0,0.0000000,41.6106000,-86.7225200,2020-03-22 00:28 EDT
Franklin,Indiana,2,0,0,0,0.0000000,39.4148715,-85.0602519,2020-03-22 00:28 EDT
Tippecanoe,Indiana,2,0,0,0,0.0000000,40.3885675,-86.8940919,2020-03-22 00:28 EDT
Vigo,Indiana,2,1,0,0,0.0000000,39.4306295,-87.3899495,2020-03-22 00:28 EDT
Noble,Indiana,1,0,0,0,0.0000000,41.3985825,-85.4174388,2020-03-22 00:28 EDT
Adams,Indiana,1,0,0,0,0.0000000,40.7456507,-84.9366342,2020-03-22 00:28 EDT
Wells,Indiana,1,0,0,0,0.0000000,40.7291949,-85.2212160,2020-03-22 00:28 EDT
Bartholomew,Indiana,1,0,0,0,0.0000000,39.2059499,-85.8975923,2020-03-22 00:28 EDT
Fayette,Indiana,1,0,0,0,0.0000000,39.6400652,-85.1787148,2020-03-22 00:28 EDT
Jennings,Indiana,1,0,0,0,0.0000000,38.9969408,-85.6280437,2020-03-22 00:28 EDT
Madison,Indiana,1,0,0,0,0.0000000,40.1616556,-85.7193584,2020-03-22 00:28 EDT
Wayne,Indiana,1,0,0,0,0.0000000,39.8644372,-85.0098428,2020-03-22 00:28 EDT
Owen,Indiana,1,0,0,0,0.0000000,39.3127298,-86.8376409,2020-03-22 00:28 EDT
Vanderburgh,Indiana,1,0,0,0,0.0000000,38.0258646,-87.5856497,2020-03-22 00:28 EDT
Grant,Indiana,1,0,0,0,0.0000000,40.5158394,-85.6547118,2020-03-22 00:28 EDT
Shelby,Indiana,1,0,0,0,0.0000000,39.5236702,-85.7916700,2020-03-22 00:28 EDT
Delaware County,Indiana,1,0,1,1,1.0000000,40.2275034,-85.3969120,2020-03-22 00:28 EDT
Scott,Indiana,1,1,0,0,0.0000000,38.6850147,-85.7474814,2020-03-22 00:28 EDT
Elkhart,Indiana,1,1,0,0,0.0000000,41.5973579,-85.8587550,2020-03-22 00:28 EDT
Greene,Indiana,1,1,0,0,0.0000000,39.0363196,-86.9620489,2020-03-22 00:28 EDT
Hancock,Indiana,1,1,0,0,0.0000000,39.8235322,-85.7732226,2020-03-22 00:28 EDT
Monroe,Indiana,1,1,0,0,0.0000000,39.1608893,-86.5231376,2020-03-22 00:28 EDT
Jefferson,Arkansas,3,0,0,0,0.0000000,34.3791100,-92.1660800,2020-03-22 00:28 EDT
Washington,Arkansas,1,0,0,0,0.0000000,35.9784866,-94.2160806,2020-03-22 00:28 EDT
Maricopa,Arizona,49,15,1,0,0.0204082,33.3488247,-112.4912788,2020-03-22 00:28 EDT
Pinal,Arizona,14,4,0,0,0.0000000,32.9043197,-111.3447647,2020-03-22 00:28 EDT
Pima,Arizona,12,4,0,0,0.0000000,32.0972712,-111.7897671,2020-03-22 00:28 EDT
Coconino,Arizona,11,3,0,0,0.0000000,35.8377710,-111.7708262,2020-03-22 00:28 EDT
Navajo,Arizona,10,7,0,0,0.0000000,35.3995506,-110.3213878,2020-03-22 00:28 EDT
Apache,Arizona,3,3,0,0,0.0000000,35.3956255,-109.4888227,2020-03-22 00:28 EDT
Graham,Arizona,1,0,0,0,0.0000000,32.8744900,-109.7419800,2020-03-22 00:28 EDT
Yavapai,Arizona,1,0,0,0,0.0000000,34.5998465,-112.5538213,2020-03-22 00:28 EDT
Santa Cruz,Arizona,1,0,0,0,0.0000000,31.9713900,-112.3431400,2020-03-22 00:28 EDT
Yuma,Arizona,1,0,0,0,0.0000000,32.7689565,-113.9058303,2020-03-22 00:28 EDT
Cochise,Arizona,1,0,0,0,0.0000000,31.8795190,-109.7511956,2020-03-22 00:28 EDT
Jefferson,Kentucky,25,0,1,0,0.0400000,38.1858902,-85.6549948,2020-03-22 00:28 EDT
Fayette,Kentucky,10,0,0,0,0.0000000,38.0422722,-84.4586867,2020-03-22 00:28 EDT
Harrison,Kentucky,7,0,0,0,0.0000000,38.4417404,-84.3314045,2020-03-22 00:28 EDT
Montgomery,Kentucky,2,0,0,0,0.0000000,38.0334716,-83.9130299,2020-03-22 00:28 EDT
Clark,Kentucky,2,0,0,0,0.0000000,37.9708229,-84.1473359,2020-03-22 00:28 EDT
Bourbon,Kentucky,2,0,1,0,0.5000000,38.2066795,-84.2171359,2020-03-22 00:28 EDT
Henderson,Kentucky,2,0,0,0,0.0000000,37.7904591,-87.5700272,2020-03-22 00:28 EDT
Warren,Kentucky,2,0,0,0,0.0000000,36.9935478,-86.4237405,2020-03-22 00:28 EDT
Pulaski,Kentucky,2,0,0,0,0.0000000,37.1049184,-84.5756723,2020-03-22 00:28 EDT
Nelson,Kentucky,1,0,0,0,0.0000000,37.8050764,-85.4659716,2020-03-22 00:28 EDT
Lyon,Kentucky,1,0,0,0,0.0000000,37.0261669,-88.0789951,2020-03-22 00:28 EDT
Kenton,Kentucky,1,0,0,0,0.0000000,38.9319437,-84.5329977,2020-03-22 00:28 EDT
Daviess,Kentucky,1,0,0,0,0.0000000,37.7285556,-87.0861258,2020-03-22 00:28 EDT
Anderson,Kentucky,1,0,1,1,1.0000000,38.0038956,-84.9909919,2020-03-22 00:28 EDT
Calloway,Kentucky,1,0,0,0,0.0000000,36.6212479,-88.2843854,2020-03-22 00:28 EDT
Christian,Kentucky,1,0,0,0,0.0000000,36.8941478,-87.4902892,2020-03-22 00:28 EDT
Franklin,Kentucky,1,0,0,0,0.0000000,38.2390838,-84.8770151,2020-03-22 00:28 EDT
Hardin,Kentucky,1,0,0,0,0.0000000,37.6975080,-85.9633337,2020-03-22 00:28 EDT
Oldham,Kentucky,1,0,0,0,0.0000000,38.3975195,-85.4448130,2020-03-22 00:28 EDT
St. Louis,Missouri,17,7,1,1,0.0588235,38.6277500,-90.1995600,2020-03-22 00:28 EDT
Boone,Missouri,15,7,1,0,0.0666667,38.9917440,-92.3091673,2020-03-22 00:28 EDT
Kansas City,Missouri,12,0,0,0,0.0000000,39.1034400,-94.5831100,2020-03-22 00:28 EDT
Greene,Missouri,8,0,0,0,0.0000000,37.2580403,-93.3420185,2020-03-22 00:28 EDT
Jackson,Missouri,8,0,1,0,0.1250000,39.0075699,-94.3462692,2020-03-22 00:28 EDT
St. Louis City,Missouri,7,2,0,-1,0.0000000,38.6339918,-90.2478980,2020-03-22 00:28 EDT
Cass,Missouri,6,0,0,0,0.0000000,38.6469315,-94.3547931,2020-03-22 00:28 EDT
Cole,Missouri,3,1,0,0,0.0000000,38.5047697,-92.2802384,2020-03-22 00:28 EDT
St. Charles,Missouri,2,1,0,0,0.0000000,38.7839400,-90.4812300,2020-03-22 00:28 EDT
Christian,Missouri,2,0,0,0,0.0000000,36.9695461,-93.1888010,2020-03-22 00:28 EDT
Henry,Missouri,1,0,0,0,0.0000000,38.3884215,-93.7966805,2020-03-22 00:28 EDT
Scott,Missouri,1,0,0,0,0.0000000,37.0522537,-89.5701181,2020-03-22 00:28 EDT
Pulaski,Missouri,1,0,0,0,0.0000000,37.8246320,-92.2075849,2020-03-22 00:28 EDT
Dunklin,Missouri,1,0,0,0,0.0000000,36.1058490,-90.1656300,2020-03-22 00:28 EDT
Jasper,Missouri,1,1,0,0,0.0000000,37.2035497,-94.3406268,2020-03-22 00:28 EDT
Johnson,Iowa,27,5,0,0,0.0000000,41.6714957,-91.5880542,2020-03-22 00:28 EDT
Polk,Iowa,10,4,0,0,0.0000000,41.6854116,-93.5734424,2020-03-22 00:28 EDT
Dallas,Iowa,5,0,0,0,0.0000000,41.6848168,-94.0397620,2020-03-22 00:28 EDT
Allamakee,Iowa,5,2,0,0,0.0000000,43.2853182,-91.3847131,2020-03-22 00:28 EDT
Black Hawk,Iowa,3,2,0,0,0.0000000,42.4478000,-92.3814000,2020-03-22 00:28 EDT
Linn,Iowa,3,3,0,0,0.0000000,42.0789247,-91.5989639,2020-03-22 00:28 EDT
Pottawattamie,Iowa,2,1,0,0,0.0000000,41.3366584,-95.5414196,2020-03-22 00:28 EDT
Washington,Iowa,2,1,0,0,0.0000000,41.3355813,-91.7178575,2020-03-22 00:28 EDT
Muscatine,Iowa,2,1,0,0,0.0000000,41.4847560,-91.1149298,2020-03-22 00:28 EDT
Dubuque,Iowa,2,1,0,0,0.0000000,42.4677547,-90.8852955,2020-03-22 00:28 EDT
Carroll,Iowa,1,0,0,0,0.0000000,42.0658500,-94.8679300,2020-03-22 00:28 EDT
Harrison,Iowa,1,0,0,0,0.0000000,41.6830140,-95.8155240,2020-03-22 00:28 EDT
Adair,Iowa,1,0,0,0,0.0000000,41.3307435,-94.4709464,2020-03-22 00:28 EDT
Winneshiek,Iowa,1,0,0,0,0.0000000,43.2906709,-91.8436678,2020-03-22 00:28 EDT
Fayette,Iowa,1,1,0,0,0.0000000,42.8625873,-91.8443123,2020-03-22 00:28 EDT
Henry,Iowa,1,1,0,0,0.0000000,40.9879299,-91.5445251,2020-03-22 00:28 EDT
Story,Iowa,1,1,0,0,0.0000000,42.0362374,-93.4650489,2020-03-22 00:28 EDT
Scott,Iowa,1,1,0,0,0.0000000,41.6384021,-90.6263683,2020-03-22 00:28 EDT
Cumberland,Maine,41,6,0,0,0.0000000,43.7902800,-70.2461200,2020-03-22 00:28 EDT
York,Maine,8,3,0,0,0.0000000,43.4785298,-70.7154295,2020-03-22 00:28 EDT
Lincoln,Maine,4,0,0,0,0.0000000,44.0701853,-69.5438710,2020-03-22 00:28 EDT
Oxford,Maine,4,3,0,0,0.0000000,44.5000957,-70.7566691,2020-03-22 00:28 EDT
Kennebec,Maine,4,0,0,0,0.0000000,44.4091480,-69.7672756,2020-03-22 00:28 EDT
Androscoggin,Maine,3,0,0,0,0.0000000,44.1658761,-70.2064586,2020-03-22 00:28 EDT
Penobscot,Maine,2,0,0,0,0.0000000,45.4005121,-68.6494573,2020-03-22 00:28 EDT
Providence,Rhode Island,30,0,0,0,0.0000000,41.8238700,-71.4119900,2020-03-22 00:28 EDT
Newport,Rhode Island,8,0,0,0,0.0000000,41.5536530,-71.2335695,2020-03-22 00:28 EDT
Washington,Rhode Island,8,0,0,0,0.0000000,41.4700000,-71.6228062,2020-03-22 00:28 EDT
Bristol,Rhode Island,4,0,0,0,0.0000000,41.7180990,-71.2866149,2020-03-22 00:28 EDT
Kent,Rhode Island,4,0,0,0,0.0000000,41.6727117,-71.5915144,2020-03-22 00:28 EDT
Rockingham,New Hampshire,25,6,0,0,0.0000000,43.0495400,-70.9321600,2020-03-22 00:28 EDT
Grafton,New Hampshire,13,3,0,0,0.0000000,43.5621200,-71.9511400,2020-03-22 00:28 EDT
Hillsborough,New Hampshire,11,0,0,0,0.0000000,43.1443000,-71.9327200,2020-03-22 00:28 EDT
Carroll,New Hampshire,5,0,0,0,0.0000000,43.8128000,-71.2506000,2020-03-22 00:28 EDT
Merrimack,New Hampshire,4,2,0,0,0.0000000,43.2976535,-71.6801810,2020-03-22 00:28 EDT
Berknap,New Hampshire,3,1,0,0,0.0000000,43.5091960,-71.4307244,2020-03-22 00:28 EDT
Cheshire,New Hampshire,1,0,0,0,0.0000000,42.9193685,-72.2511748,2020-03-22 00:28 EDT
Johnson,Kansas,25,2,1,1,0.0400000,38.8837729,-94.8222252,2020-03-22 00:28 EDT
Wyandotte,Kansas,13,4,1,0,0.0769231,39.1140701,-94.7652427,2020-03-22 00:28 EDT
Leavenworth,Kansas,4,0,0,0,0.0000000,39.1987240,-95.0385251,2020-03-22 00:28 EDT
Douglas,Kansas,3,2,0,0,0.0000000,38.8846291,-95.2925546,2020-03-22 00:28 EDT
Butler,Kansas,2,0,0,0,0.0000000,37.7812809,-96.8390308,2020-03-22 00:28 EDT
Morris,Kansas,2,0,0,0,0.0000000,38.6874415,-96.6497583,2020-03-22 00:28 EDT
Franklin,Kansas,1,0,0,0,0.0000000,38.5645175,-95.2859405,2020-03-22 00:28 EDT
Cherokee,Kansas,1,0,0,0,0.0000000,37.1692669,-94.8462676,2020-03-22 00:28 EDT
Jackson,Kansas,1,0,0,0,0.0000000,39.4168027,-95.7936744,2020-03-22 00:28 EDT
Linn,Kansas,1,0,0,0,0.0000000,38.2122746,-94.8429589,2020-03-22 00:28 EDT
Sedgwick,Kansas,1,0,0,0,0.0000000,37.6847605,-97.4609470,2020-03-22 00:28 EDT
Riley,Kansas,1,0,0,0,0.0000000,39.2960869,-96.7352573,2020-03-22 00:28 EDT
Reno,Kansas,1,0,0,0,0.0000000,37.9529547,-98.0860065,2020-03-22 00:28 EDT
Ford,Kansas,0,0,0,0,,37.6917133,-99.8879824,2020-03-22 00:28 EDT
Bernalillo,New Mexico,32,9,0,0,0.0000000,35.0512846,-106.6703125,2020-03-22 00:28 EDT
Santa Fe,New Mexico,8,1,0,0,0.0000000,35.6916800,-105.9379600,2020-03-22 00:28 EDT
Sandoval,New Mexico,7,1,0,0,0.0000000,35.6887887,-106.8666133,2020-03-22 00:28 EDT
Taos,New Mexico,3,1,0,0,0.0000000,36.5778563,-105.6310357,2020-03-22 00:28 EDT
Socorro,New Mexico,2,0,0,0,0.0000000,34.0601400,-106.8918700,2020-03-22 00:28 EDT
Doa Ana,New Mexico,2,1,0,0,0.0000000,32.3896500,-106.8147500,2020-03-22 00:28 EDT
San Miguel,New Mexico,1,0,0,0,0.0000000,32.1562900,-106.7356400,2020-03-22 00:28 EDT
McKinley,New Mexico,1,0,0,0,0.0000000,35.5804969,-108.2614434,2020-03-22 00:28 EDT
Oklahoma,Oklahoma,20,1,0,0,0.0000000,35.5826840,-97.5085994,2020-03-22 00:28 EDT
Cleveland,Oklahoma,12,1,0,0,0.0000000,35.2030938,-97.3263907,2020-03-22 00:28 EDT
Tulsa,Oklahoma,5,0,1,0,0.2000000,36.1501100,-95.9935200,2020-03-22 00:28 EDT
Kay,Oklahoma,3,0,0,0,0.0000000,36.8180061,-97.1438707,2020-03-22 00:28 EDT
Canadian,Oklahoma,2,0,0,0,0.0000000,35.5425812,-97.9825648,2020-03-22 00:28 EDT
Pawnee,Oklahoma,2,1,0,0,0.0000000,36.3169078,-96.6993121,2020-03-22 00:28 EDT
Garvin,Oklahoma,2,1,0,0,0.0000000,34.7045826,-97.3092962,2020-03-22 00:28 EDT
Jackson,Oklahoma,1,0,0,0,0.0000000,34.5866254,-99.4160473,2020-03-22 00:28 EDT
Payne,Oklahoma,1,0,0,0,0.0000000,36.0773271,-96.9757817,2020-03-22 00:28 EDT
Custer,Oklahoma,1,0,0,0,0.0000000,35.6388575,-99.0015388,2020-03-22 00:28 EDT
Grady,Oklahoma,1,0,0,0,0.0000000,35.0171184,-97.8840235,2020-03-22 00:28 EDT
Logan,Oklahoma,1,0,0,0,0.0000000,35.9193151,-97.4433147,2020-03-22 00:28 EDT
McClain,Oklahoma,1,0,0,0,0.0000000,35.0093484,-97.4441735,2020-03-22 00:28 EDT
Washington,Oklahoma,1,0,0,0,0.0000000,36.7152459,-95.9043664,2020-03-22 00:28 EDT
Chittenden,Vermont,22,13,1,0,0.0454545,44.4579951,-73.0540497,2020-03-22 00:28 EDT
Windsor,Vermont,9,6,1,0,0.1111111,43.4811500,-72.3858100,2020-03-22 00:28 EDT
Bennington,Vermont,4,1,0,0,0.0000000,42.8767200,-73.1981800,2020-03-22 00:28 EDT
Orange,Vermont,4,3,0,0,0.0000000,44.1485400,-72.4023300,2020-03-22 00:28 EDT
Addison,Vermont,3,2,0,0,0.0000000,44.0280736,-73.1315288,2020-03-22 00:28 EDT
Washington,Vermont,2,1,0,0,0.0000000,44.2734456,-72.6148592,2020-03-22 00:28 EDT
Honolulu,Hawaii,35,7,0,0,0.0000000,21.3049300,-157.8578800,2020-03-22 00:28 EDT
Maui,Hawaii,7,2,0,0,0.0000000,20.8595351,-156.5646068,2020-03-22 00:28 EDT
Kauai,Hawaii,3,0,0,0,0.0000000,22.0825024,-159.7275965,2020-03-22 00:28 EDT
Hawaii Island,Hawaii,3,2,0,0,0.0000000,19.5005600,-155.5005600,2020-03-22 00:28 EDT
New Castle,Delaware,32,5,0,0,0.0000000,39.6597700,-75.5639400,2020-03-22 00:28 EDT
Sussex,Delaware,8,1,0,0,0.0000000,38.6620172,-75.3987957,2020-03-22 00:28 EDT
Kent,Delaware,5,0,0,0,0.0000000,39.0888145,-75.5671303,2020-03-22 00:28 EDT
Blaine,Idaho,21,2,0,0,0.0000000,43.4123346,-113.9798058,2020-03-22 00:28 EDT
Ada,Idaho,11,3,0,0,0.0000000,43.4510569,-116.2411338,2020-03-22 00:28 EDT
Kootenai,Idaho,3,0,0,0,0.0000000,47.6775873,-116.6971319,2020-03-22 00:28 EDT
Teton,Idaho,2,1,0,0,0.0000000,43.7594517,-111.2076444,2020-03-22 00:28 EDT
Bingham,Idaho,2,1,0,0,0.0000000,43.2186508,-112.3950328,2020-03-22 00:28 EDT
Madison,Idaho,1,0,0,0,0.0000000,43.7841856,-111.6591909,2020-03-22 00:28 EDT
Twin Falls,Idaho,1,0,0,0,0.0000000,42.5561900,-114.4696000,2020-03-22 00:28 EDT
Canyon,Idaho,1,0,0,0,0.0000000,43.6250670,-116.7092605,2020-03-22 00:28 EDT
Douglas,Nebraska,25,0,0,0,0.0000000,41.2953516,-96.1553341,2020-03-22 00:28 EDT
Sarpy,Nebraska,4,2,0,0,0.0000000,41.1128626,-96.1134336,2020-03-22 00:28 EDT
Lincoln,Nebraska,3,0,0,0,0.0000000,41.0477853,-100.7451548,2020-03-22 00:28 EDT
Knox,Nebraska,2,0,0,0,0.0000000,42.6316546,-97.8946364,2020-03-22 00:28 EDT
Lancaster,Nebraska,2,0,0,0,0.0000000,40.7841702,-96.6877405,2020-03-22 00:28 EDT
Cass,Nebraska,1,0,0,0,0.0000000,40.9097579,-96.1413609,2020-03-22 00:28 EDT
Adams,Nebraska,1,0,0,0,0.0000000,40.5244544,-98.5012020,2020-03-22 00:28 EDT
Nemaha,Nebraska,1,0,0,0,0.0000000,40.3849977,-95.8540746,2020-03-22 00:28 EDT
Buffalo,Nebraska,1,0,0,0,0.0000000,40.8557340,-99.0748000,2020-03-22 00:28 EDT
Gallatin,Montana,7,4,0,0,0.0000000,45.5404518,-111.1704109,2020-03-22 00:28 EDT
Yellowstone,Montana,5,0,0,0,0.0000000,45.9371163,-108.2743481,2020-03-22 00:28 EDT
Missoula,Montana,3,0,0,0,0.0000000,46.8727800,-113.9962500,2020-03-22 00:28 EDT
Lewis and Clark,Montana,3,1,0,0,0.0000000,47.1248150,-112.3941446,2020-03-22 00:28 EDT
Silver Bow,Montana,2,1,0,0,0.0000000,45.9954400,-112.6566100,2020-03-22 00:28 EDT
Flathead,Montana,2,0,0,0,0.0000000,48.2979541,-114.0491365,2020-03-22 00:28 EDT
Broadwater,Montana,1,0,0,0,0.0000000,46.2694000,-111.4520000,2020-03-22 00:28 EDT
Roosevelt,Montana,1,0,0,0,0.0000000,48.2956712,-105.0170353,2020-03-22 00:28 EDT
Madison,Montana,1,0,0,0,0.0000000,45.3008648,-111.9203794,2020-03-22 00:28 EDT
Burleigh,North Dakota,15,2,0,0,0.0000000,46.9780104,-100.4669442,2020-03-22 00:28 EDT
Morton,North Dakota,7,0,0,0,0.0000000,46.7167812,-101.2857052,2020-03-22 00:28 EDT
Ward,North Dakota,3,0,0,0,0.0000000,48.2216809,-101.5418179,2020-03-22 00:28 EDT
Cass,North Dakota,1,0,0,0,0.0000000,46.9329695,-97.2481212,2020-03-22 00:28 EDT
Ramsey,North Dakota,1,0,0,0,0.0000000,48.2801430,-98.7082252,2020-03-22 00:28 EDT
Pierce,North Dakota,1,0,0,0,0.0000000,48.2495881,-99.9718305,2020-03-22 00:28 EDT
Fremont,Wyoming,9,0,0,0,0.0000000,43.0405186,-108.6304974,2020-03-22 00:28 EDT
Laramie,Wyoming,5,1,0,0,0.0000000,41.3069613,-104.6895498,2020-03-22 00:28 EDT
Sheridan,Wyoming,4,0,0,0,0.0000000,44.7979200,-106.9558700,2020-03-22 00:28 EDT
Teton,Wyoming,2,0,0,0,0.0000000,43.9188511,-110.5962596,2020-03-22 00:28 EDT
Park,Wyoming,1,0,0,0,0.0000000,44.5205511,-109.5884635,2020-03-22 00:28 EDT
Campbell,Wyoming,1,0,0,0,0.0000000,44.2484104,-105.5483854,2020-03-22 00:28 EDT
Natrona,Wyoming,1,0,0,0,0.0000000,42.9621539,-106.7985971,2020-03-22 00:28 EDT
Puerto Rico,Puerto Rico,21,7,1,1,0.0476190,18.2226065,-66.4689534,2020-03-22 00:28 EDT
Fairbanks North Star,Alaska,6,1,0,0,0.0000000,64.8085066,-146.5634812,2020-03-22 00:28 EDT
Ketchikan Gateway,Alaska,6,4,0,0,0.0000000,55.0018653,-130.5497700,2020-03-22 00:28 EDT
Anchorage,Alaska,4,0,0,0,0.0000000,61.2175300,-149.8582500,2020-03-22 00:28 EDT
Seward,Alaska,1,0,0,0,0.0000000,60.1123500,-149.4429400,2020-03-22 00:28 EDT
Guam,Guam,15,1,0,0,0.0000000,13.5280800,144.8550300,2020-03-22 00:28 EDT
Minnehaha,South Dakota,5,0,0,0,0.0000000,43.6741776,-96.7914246,2020-03-22 00:28 EDT
Beadle,South Dakota,4,0,0,0,0.0000000,44.4144846,-98.2781099,2020-03-22 00:28 EDT
Pennington,South Dakota,1,0,1,0,1.0000000,44.0037450,-102.8239008,2020-03-22 00:28 EDT
Charles Mix,South Dakota,1,0,0,0,0.0000000,43.2074746,-98.5766704,2020-03-22 00:28 EDT
Davison,South Dakota,1,0,0,0,0.0000000,43.6747283,-98.1459590,2020-03-22 00:28 EDT
Bon Homme,South Dakota,1,0,0,0,0.0000000,42.9933604,-97.8866697,2020-03-22 00:28 EDT
McCook,South Dakota,1,0,0,0,0.0000000,43.6743065,-97.3684216,2020-03-22 00:28 EDT
Jefferson,West Virginia,2,0,0,0,0.0000000,39.3076927,-77.8626944,2020-03-22 00:28 EDT
Mercer,West Virginia,2,1,0,0,0.0000000,37.4055652,-81.1114323,2020-03-22 00:28 EDT
Tucker,West Virginia,2,0,0,0,0.0000000,39.1135508,-79.5649213,2020-03-22 00:28 EDT
Monongalia,West Virginia,1,0,0,0,0.0000000,39.6302339,-80.0465546,2020-03-22 00:28 EDT
Jackson,West Virginia,1,0,0,0,0.0000000,38.8327452,-81.6732357,2020-03-22 00:28 EDT
Kanawha,West Virginia,1,0,0,0,0.0000000,38.3364616,-81.5281958,2020-03-22 00:28 EDT
Unassigned,Washington,146,16,0,0,0.0000000,47.4009020,-121.4904940,2020-03-22 00:28 EDT
Unassigned,New Jersey,140,48,0,-6,0.0000000,40.2989040,-74.5210110,2020-03-22 00:28 EDT
Unassigned,Florida,1,1,0,-2,0.0000000,27.7662790,-81.6867830,2020-03-22 00:28 EDT
Unassigned,Louisiana,9,2,0,0,0.0000000,31.1695460,-91.8678050,2020-03-22 00:28 EDT
Unassigned,Illinois,3,-1,1,1,0.3333333,40.3494570,-88.9861370,2020-03-22 00:28 EDT
Unassigned,Georgia,36,8,6,2,0.1666667,33.0406190,-83.6430740,2020-03-22 00:28 EDT
Unassigned,Massachusetts,20,1,0,0,0.0000000,42.2301710,-71.5301060,2020-03-22 00:28 EDT
Unassigned,Colorado,1,-19,0,0,0.0000000,39.0598110,-105.3111040,2020-03-22 00:28 EDT
Unknown,Tennessee,8,8,0,0,0.0000000,35.7478450,-86.6923450,2020-03-22 00:28 EDT
Unassigned,Nevada,3,-11,0,0,0.0000000,38.3135150,-117.0553740,2020-03-22 00:28 EDT
Unassigned,Arkansas,118,22,0,0,0.0000000,34.9697040,-92.3731230,2020-03-22 00:28 EDT
Unassigned,Kentucky,23,23,0,0,0.0000000,37.6681400,-84.6700670,2020-03-22 00:28 EDT
Unassigned,Maine,3,1,0,0,0.0000000,44.6939470,-69.3819270,2020-03-22 00:28 EDT
Unassigned,Rhode Island,12,12,0,0,0.0000000,41.6808930,-71.5117800,2020-03-22 00:28 EDT
Unassigned,Montana,1,0,0,0,0.0000000,46.9219250,-110.4543530,2020-03-22 00:28 EDT
Unassigned,US Virgin Islands,6,3,0,0,0.0000000,17.7526250,-64.7354200,2020-03-22 00:28 EDT
Cortland,New York,2,2,0,0,0.0000000,42.5950011,-76.0702374,2020-03-22 00:28 EDT
Walla Walla County,Washington,1,1,0,0,0.0000000,46.2312534,-118.4726866,2020-03-22 00:28 EDT
Stevens,Washington,1,1,0,0,0.0000000,48.3991063,-117.8493243,2020-03-22 00:28 EDT
San Juan,Washington,1,1,0,0,0.0000000,48.5782286,-122.9629790,2020-03-22 00:28 EDT
Siskiyou,California,2,2,0,0,0.0000000,41.5925637,-122.5407772,2020-03-22 00:28 EDT
Berrien,Michigan,2,2,0,0,0.0000000,41.9546870,-86.4122229,2020-03-22 00:28 EDT
Clare,Michigan,1,1,0,0,0.0000000,43.9878737,-84.8478310,2020-03-22 00:28 EDT
Calhoun,Michigan,1,1,0,0,0.0000000,42.2465365,-85.0055836,2020-03-22 00:28 EDT
Saginaw,Michigan,1,1,0,0,0.0000000,43.3350249,-84.0531776,2020-03-22 00:28 EDT
Allegan,Michigan,1,1,0,0,0.0000000,42.5912512,-85.8881912,2020-03-22 00:28 EDT
Tuscola,Michigan,1,1,0,0,0.0000000,43.4641268,-83.4168226,2020-03-22 00:28 EDT
Ouachita,Louisiana,2,2,0,0,0.0000000,32.4783165,-92.1548069,2020-03-22 00:28 EDT
Avoyelles,Louisiana,1,1,0,0,0.0000000,31.0762885,-92.0013412,2020-03-22 00:28 EDT
Beauregard,Louisiana,1,1,0,0,0.0000000,30.6485016,-93.3433318,2020-03-22 00:28 EDT
Bienville,Louisiana,1,1,0,0,0.0000000,32.3472524,-93.0559190,2020-03-22 00:28 EDT
Claiborne,Louisiana,1,1,0,0,0.0000000,32.8227879,-92.9957612,2020-03-22 00:28 EDT
St. Mary,Louisiana,1,1,0,0,0.0000000,29.7133032,-91.4481388,2020-03-22 00:28 EDT
DeKalb,Illinois,1,1,0,0,0.0000000,41.8935567,-88.7702903,2020-03-22 00:28 EDT
Medina,Texas,1,1,0,0,0.0000000,29.3556382,-99.1100245,2020-03-22 00:28 EDT
Wharton,Texas,1,1,0,0,0.0000000,29.2778021,-96.2220840,2020-03-22 00:28 EDT
Nueces,Texas,1,1,0,0,0.0000000,27.7262373,-97.6134819,2020-03-22 00:28 EDT
Upshur,Texas,1,1,0,0,0.0000000,32.7363127,-94.9414227,2020-03-22 00:28 EDT
Deaf Smith,Texas,1,1,0,0,0.0000000,34.9659907,-102.6047754,2020-03-22 00:28 EDT
Hidalgo,Texas,1,1,0,0,0.0000000,26.3970298,-98.1809430,2020-03-22 00:28 EDT
Chambers,Texas,1,1,0,0,0.0000000,29.7391435,-94.6081691,2020-03-22 00:28 EDT
Lumpkin,Georgia,1,1,0,0,0.0000000,34.5722039,-84.0027424,2020-03-22 00:28 EDT
Brockton,Massachusetts,6,6,0,0,0.0000000,42.0477500,-71.0206401,2020-03-22 00:28 EDT
Dukes and Nantucket,Massachusetts,1,1,0,0,0.0000000,42.3127530,-71.3018295,2020-03-22 00:28 EDT
Elbert,Colorado,3,3,0,0,0.0000000,39.2865771,-104.1358476,2020-03-22 00:28 EDT
Chaffee,Colorado,2,2,0,0,0.0000000,38.7468588,-106.1940157,2020-03-22 00:28 EDT
Hinsdale,Colorado,1,1,0,0,0.0000000,37.8213485,-107.3001915,2020-03-22 00:28 EDT
Montrose,Colorado,1,1,0,0,0.0000000,38.4021397,-108.2692408,2020-03-22 00:28 EDT
San Miguel,Colorado,1,1,0,0,0.0000000,37.1043700,-104.3915100,2020-03-22 00:28 EDT
Butler,Pennsylvania,1,1,0,0,0.0000000,40.9117606,-79.9129822,2020-03-22 00:28 EDT
Dauphin,Pennsylvania,1,1,0,0,0.0000000,40.4154205,-76.7794701,2020-03-22 00:28 EDT
Montour,Pennsylvania,1,1,0,0,0.0000000,41.0278991,-76.6585674,2020-03-22 00:28 EDT
Putnam,Tennessee,5,5,0,0,0.0000000,36.1408146,-85.4951852,2020-03-22 00:28 EDT
Monroe,Tennessee,3,3,0,0,0.0000000,35.4396693,-84.2548382,2020-03-22 00:28 EDT
Scott County,Tennessee,2,2,0,0,0.0000000,36.4284069,-84.5034481,2020-03-22 00:28 EDT
Cocke,Tennessee,1,1,0,0,0.0000000,35.9240494,-83.1196257,2020-03-22 00:28 EDT
Roane,Tennessee,1,1,0,0,0.0000000,35.8518605,-84.5170469,2020-03-22 00:28 EDT
Granville,North Carolina,1,1,0,0,0.0000000,36.3037338,-78.6530413,2020-03-22 00:28 EDT
Davie,North Carolina,1,1,0,0,0.0000000,35.9290484,-80.5446166,2020-03-22 00:28 EDT
Montgomery,North Carolina,1,1,0,0,0.0000000,35.3323003,-79.9054266,2020-03-22 00:28 EDT
Nash,North Carolina,1,1,0,0,0.0000000,35.9671582,-77.9864508,2020-03-22 00:28 EDT
Clermont,Ohio,2,2,0,0,0.0000000,39.0479984,-84.1518028,2020-03-22 00:28 EDT
Gallia,Ohio,1,1,0,0,0.0000000,38.8249591,-82.3174164,2020-03-22 00:28 EDT
Caroline,Maryland,1,1,0,0,0.0000000,38.8717070,-75.8315837,2020-03-22 00:28 EDT
Queen Anne's,Maryland,1,1,0,0,0.0000000,39.0653178,-76.0332235,2020-03-22 00:28 EDT
Somerset,Maryland,1,1,0,0,0.0000000,38.1170033,-75.7526045,2020-03-22 00:28 EDT
Greenwood,South Carolina,3,3,0,0,0.0000000,34.1537606,-82.1258821,2020-03-22 00:28 EDT
Colleton,South Carolina,1,1,0,0,0.0000000,32.8635126,-80.6667684,2020-03-22 00:28 EDT
Dillon,South Carolina,1,1,0,0,0.0000000,34.3915673,-79.3788873,2020-03-22 00:28 EDT
Edgefield,South Carolina,1,1,0,0,0.0000000,33.7723459,-81.9666078,2020-03-22 00:28 EDT
Marlboro,South Carolina,1,1,0,0,0.0000000,34.6019975,-79.6786623,2020-03-22 00:28 EDT
Newberry,South Carolina,1,1,0,0,0.0000000,34.2932801,-81.6020690,2020-03-22 00:28 EDT
Lee,Virginia,2,2,0,0,0.0000000,36.7053725,-83.1284989,2020-03-22 00:28 EDT
Lowndes,Mississippi,4,4,0,0,0.0000000,33.4730184,-88.4434534,2020-03-22 00:28 EDT
Itawamba,Mississippi,3,3,0,0,0.0000000,34.2800392,-88.3613797,2020-03-22 00:28 EDT
Attala,Mississippi,1,1,0,0,0.0000000,33.0862905,-89.5815528,2020-03-22 00:28 EDT
Leake,Mississippi,1,1,0,0,0.0000000,32.7536480,-89.5240183,2020-03-22 00:28 EDT
Lincoln,Mississippi,1,1,0,0,0.0000000,31.5323872,-90.4539340,2020-03-22 00:28 EDT
Panola,Mississippi,1,1,0,0,0.0000000,34.3625140,-89.9547477,2020-03-22 00:28 EDT
Simpson,Mississippi,1,1,0,0,0.0000000,31.9131271,-89.9195071,2020-03-22 00:28 EDT
Tunica,Mississippi,1,1,0,0,0.0000000,34.6485925,-90.3707358,2020-03-22 00:28 EDT
Union,Mississippi,1,1,0,0,0.0000000,34.4904109,-89.0039303,2020-03-22 00:28 EDT
Washington,Mississippi,1,1,0,0,0.0000000,33.2834274,-90.9432711,2020-03-22 00:28 EDT
Josephine,Oregon,1,1,0,0,0.0000000,42.3655061,-123.5555516,2020-03-22 00:28 EDT
Marion,Alabama,1,1,0,0,0.0000000,34.1365452,-87.8872628,2020-03-22 00:28 EDT
District of Columbia,District of Columbia,98,98,1,1,0.0102041,38.9047712,-77.0163218,2020-03-22 00:28 EDT
Adair,Missouri,1,1,0,0,0.0000000,40.1905314,-92.6007447,2020-03-22 00:28 EDT
Woodbury,Iowa,1,1,0,0,0.0000000,42.3896860,-96.0441978,2020-03-22 00:28 EDT
Sagadahoc,Maine,1,1,0,0,0.0000000,44.0195901,-69.9638600,2020-03-22 00:28 EDT
Coos,New Hampshire,1,1,0,0,0.0000000,44.6894781,-71.3055572,2020-03-22 00:28 EDT
Nashua,New Hampshire,1,1,0,0,0.0000000,42.7384600,-71.4491700,2020-03-22 00:28 EDT
Strafford,New Hampshire,1,1,0,0,0.0000000,43.2987174,-71.0304245,2020-03-22 00:28 EDT
Mitchell,Kansas,1,1,0,0,0.0000000,39.3932895,-98.2093986,2020-03-22 00:28 EDT
Lea,New Mexico,1,1,0,0,0.0000000,32.7921237,-103.4124297,2020-03-22 00:28 EDT
Franklin,Vermont,2,2,0,0,0.0000000,44.8573171,-72.8915354,2020-03-22 00:28 EDT
Rutland,Vermont,2,2,0,0,0.0000000,43.5798276,-73.0358582,2020-03-22 00:28 EDT
Windham,Vermont,1,1,0,0,0.0000000,42.9906195,-72.7139095,2020-03-22 00:28 EDT
Cascade,Montana,3,3,0,0,0.0000000,47.3076531,-111.3468672,2020-03-22 00:28 EDT
Ravalli,Montana,1,1,0,0,0.0000000,46.0816832,-114.1215437,2020-03-22 00:28 EDT
Carbon,Wyoming,1,1,0,0,0.0000000,41.6946074,-106.9306547,2020-03-22 00:28 EDT
Marshall,West Virginia,2,2,0,0,0.0000000,39.8601492,-80.6610520,2020-03-22 00:28 EDT
Putnam,West Virginia,1,1,0,0,0.0000000,38.5086253,-81.9090471,2020-03-22 00:28 EDT
